Cluster_Reworked_Number,YEAR,AGE_MEAN,Person_in_Household_MEAN,Income_MEAN,Moving_Count_MEAN,Lifeevents_Count_MEAN,UniqueMed_Count_MEAN,ZVWKOSTENTOTAAL_MEAN,ZVWKHUISARTS_NO_REG_MEAN,ZVWKZIEKENHUIS_MEAN,ZVWKFARMACIE_MEAN,ZVWKOSTENPSYCHO_MEAN,%_Gender_Vrouwen,%_0to20,%_21to40,%_41to60,%_61to80,%_Above80,%_MajorEthnicity_Native Dutch,%_MajorEthnicity_Western,%_MajorEthnicity_Non-Western,%_MinorEthnicity_Marokko,%_MinorEthnicity_Suriname,%_MinorEthnicity_Turkije,%_MinorEthnicity_Voormalige Nederlandse Antillen en Aruba,%_Multiperson_Household,%_HouseholdType_Institutional,%_Employee,%_Unemployment_benefit_user,%_Welfare_benefit_user,%_Other_social_benefit_user,%_Sickness_benefit_user,%_Pension_benefit_user,%_Moving_count_above_1,%_Lifeevents_count_above_2,%_Low_Income,%_Debt_Mortgage,%_Debt_Poor,%_Wanbet,%_WMO_user,%_WLZ_user,%_ZVWKHUISARTS_user,%_ZVWKFARMACIE_user,%_ZVWKZIEKENHUIS_user,%_ZVWKOSTENPSYCHO_user,%_HVZ_Medication_user,%_UniqueMed_Count_>=5,%_UniqueMed_Count_>=10,%_DIAB_Medication_user,%_BLOEDDRUKV_Medication_user,%_CHOL_Medication_user,%_Hypertensie_patients,%_COPD_patients,%_Diabetes_I_patients,%_Diabetes_II_patients,%_Chronic_Hartfalen_patients,%_Morbus_Parkinson_patients,%_Heupfractuur_patients,%_BMIUP45_patients,%_HGOPL_Low,%_HGOPL_Mid,%_HGOPL_High,ZVWKHUISARTS_MEAN,Projection_demand,Total_Population,Total cost GP care,Wijk_count
1,2021.0,35.81222223438957,2.8108197709059985,25388.88722115568,1.0105370107976326,2.730949540237414,4.756556420333589,2754.1329733755774,141.16194647614145,1268.4359276453663,301.124104317049,273.157415761345,0.486314255911236,0.25653796147302965,0.31623440420014054,0.26134732245070047,0.12932631720506768,0.0226180420033207,0.17550473817834714,0.16122065482141365,0.6633563431395361,0.12826299861732113,0.12748049484006269,0.21420712972338102,0.03490600458594153,0.7576300845726367,0.004240094127145886,0.27572888966837744,0.0063961954888665734,0.08014714030741428,0.023769200692210495,0.05170591859417289,0.10109059809659453,0.009784677973595545,0.11369958699283593,0.14711769593051707,0.3205173021486868,0.0009671513168453785,0.028934682659837313,0.08906506379810028,0.014383237141255329,0.9451918524650866,0.6799811684667392,0.56357329213166,0.04733579856843605,0.21549813706109963,0.262008901291908,0.08681542058942562,0.07356437686759827,0.16807619320369707,0.12842779986986477,0.011999269904043677,0.01107276429731018,0.010093334127501201,0.014804439515987434,0.00988777464277378,0.0010060559808152643,0.000749034777279847,0.006694012945154748,0.3780573438728808,0.21874519292266265,0.1421353789926251,214.92788966525777,214.9626017121221,21537.714285714286,4644760.97616054,1.0
1,2022.0,35.93516996961812,2.6268979437307416,26535.278322827104,1.0061748680587213,2.7064958165903263,4.730590482174831,2749.458594852001,147.6826788255768,1246.7838508922403,293.7213216644497,270.16195859185746,0.4854947814949715,0.25576473496768004,0.3145963381625369,0.26302429990324466,0.1311958751081206,0.021952602785883877,0.16849370085126608,0.16715813015456452,0.6644380104388936,0.1281753446082068,0.12498299187817939,0.2148019152964768,0.035110861820118675,0.7635659191015224,0.003205647748777238,0.27959083913886124,0.0053247471764766505,0.07853504860159065,0.02521154254693782,0.05310703196755178,0.10094756669297653,0.005878891369817391,0.1080566511690628,0.14181090213259784,0.3139206876567854,0.0005315035657868646,0.02544905885624337,0.09173771030266357,0.015108493546769434,0.9452045436166945,0.6728055003915617,0.5541274352646602,0.045117943996798145,0.21584464583385415,0.25758958833941625,0.08501910235669234,0.07438110676078194,0.16739405151664694,0.1293430139463926,0.01160904788030708,0.01020400785731546,0.009679654396071302,0.01418345785754538,0.00871326124529882,0.0009309300296847942,0.0005384710942525879,0.006512783934933417,0.3848736246517324,0.2265033083638403,0.14902041250237805,222.35655972199498,222.40371649915443,21675.01803751804,4834527.743519991,1.0
1,2023.0,36.050553650939065,2.4763634215119255,27731.819233251586,1.0018176127732972,2.6825150796961563,4.709363619013909,2751.157202460898,154.10937271041917,1228.736296408488,286.3686110399934,265.9235102894135,0.4847322445445075,0.25511386859819113,0.312885712691349,0.26471093589924505,0.13299605091729724,0.02125195570059874,0.16143501997354054,0.17300477882978343,0.6656609720418036,0.12817253649582644,0.1225627431878598,0.21555234583401509,0.03524616806450603,0.7719341832680208,0.0022507856383782794,0.28468522627213594,0.004400973354139201,0.07779145792134277,0.026676397371461352,0.05469939839882001,0.10137922104129082,0.0019842202467402043,0.10225970006490188,0.1381193130840098,0.31007225607447036,0.00011335113770202767,0.022199278967420345,0.09571828171254079,0.015985937212038552,0.9455527847834454,0.666248830700804,0.5458680598625142,0.04283181171168645,0.21621576388473565,0.25362815750740403,0.08355602125177376,0.07520057415712418,0.1665561325789941,0.1304154563870185,0.011248281566539222,0.009358637762698838,0.009283000629710877,0.013573344116157626,0.007585402622134707,0.0008554759228163166,0.00033716931924103667,0.006339692565187592,0.3969460534967636,0.236612799069522,0.15709406545780796,229.69186566205482,229.7497452755915,21807.63059163059,5022836.371191422,1.0
1,2024.0,36.15837327835241,2.3592162042495497,28978.509952429136,0.9974652449413602,2.659007329554904,4.692875830850825,2759.2287962022674,160.44202813066858,1214.293264194109,279.06597244367987,260.44207085401314,0.48402664505984394,0.2545853623645629,0.3111025277865768,0.2664072304387016,0.13472684463259757,0.020516100747465297,0.15432869554517045,0.17876060084707043,0.6670252279482664,0.12825457428018006,0.12021974876910395,0.21645842133599594,0.03531192331910359,0.7827348770721321,0.0013755077959490107,0.29101205106820155,0.0036248740218542247,0.07791636826667066,0.028163765165781098,0.056483017887977605,0.10238556114153742,-0.00189933539563602,0.09630873368035321,0.13604292878475294,0.3089720074017418,-0.00028730596740913274,0.019185342993368232,0.10100677802773192,0.01701556813706268,0.946236575965339,0.6603111593944659,0.5387951659252219,0.040477401713100984,0.21661149121374418,0.2501246087958711,0.08242617727466992,0.07602277905662493,0.1655624363907386,0.13164512719174246,0.010916970962740104,0.008536654013460317,0.008903372828419921,0.012974098291824169,0.006504198773281443,0.0007796936602098317,0.00014512945224519306,0.006174738835917272,0.41427463040797413,0.24907366503970776,0.16635633785891482,236.93380748543726,237.00068804143325,21935.55194805195,5209534.513931644,1.0
1,2025.0,36.25862885185814,2.275456291943616,30275.350480359746,0.9931177645629103,2.63597256616657,4.681127117685577,2773.67337607611,166.68064508632503,1203.454754249103,271.8134058755092,253.71764028565636,0.483377983040981,0.25417921626679546,0.3092467834482205,0.26811318352161434,0.13638825625402165,0.01974503792648353,0.1471747275661559,0.18442559620642549,0.6685307781582814,0.12842145796126764,0.11795400862191181,0.21752014180241938,0.03530812758391138,0.7959680005138566,0.0005798142214894312,0.298571313527058,0.0029964491796217233,0.0789097796375743,0.029673645929897054,0.058457890435024536,0.10396658699371632,-0.005771775557311273,0.09020375201541678,0.1355817492348273,0.31061994163859963,-0.0006704677495466173,0.016407250934087035,0.10760319924823696,0.01819738632184182,0.9472559171623757,0.6549924864725477,0.5329087534527833,0.03805471400104171,0.21703182782087968,0.2470789422048176,0.08162957042538077,0.07684772145928423,0.1644129629518804,0.1330320263605645,0.010615116068909723,0.007738056609599894,0.00854077099219844,0.012385720384545012,0.005469649698739032,0.0007035832418653395,-3.7648506734942475e-05,0.006017922747122459,0.4368593553853643,0.2638859062743975,0.17680722970569865,244.08238519214225,244.15654479667973,22058.782106782106,5394470.364005628,1.0
1,2026.0,36.35132037145627,2.2250836845941238,31622.340817043416,0.9887751716379476,2.613410789531154,4.6741174795181655,2794.4909420824256,172.82522357738847,1196.2207665734702,264.6109113354814,245.75021858434314,0.4827862584879187,0.25389543030488876,0.3073184796762799,0.26982879514798325,0.13798028578156943,0.018938767237653448,0.13997311603649681,0.18999976490784867,0.6701776226718492,0.1286731875390892,0.11576552274628338,0.21873750723328542,0.03523478085892937,0.8116335535931939,-0.00013629508500045913,0.3073630136487054,0.0025156988274416957,0.0807716920340537,0.031206039663809224,0.06062401603996083,0.10612229859782751,-0.009633100238285563,0.08394475507009261,0.13673577443423285,0.31501605878504396,-0.0010361342087104252,0.013865002789576761,0.11550754537405593,0.019531391766375975,0.9486108083745552,0.6502928119350491,0.5282088224451985,0.035563748575508654,0.2174767737061422,0.24449115773424354,0.08116620070390636,0.07767540136510206,0.16310771226241952,0.1345761538934846,0.010342716885048082,0.006962845551117575,0.008195195121046429,0.011808210394320156,0.00448175539850747,0.00062714466778284,-0.00021116455769937037,0.0058692442988031515,0.464700228428934,0.2810495227735913,0.1884467409981594,251.13759878216987,251.2173155413309,22177.321067821067,5577492.65118652,1.0
1,2027.0,36.43644783714679,2.208098382201072,33019.48096248015,0.9844374661664718,2.591321999648655,4.67184691634859,2821.6814942212136,178.87576360385899,1192.5913011672108,257.45848882359644,236.53980575007355,0.48225147140065683,0.25373400447884276,0.305317616470755,0.2715540653178084,0.1395029332152409,0.018097288680975054,0.1327238609561932,0.19548310695133989,0.6719657614889697,0.12900976301364472,0.11365429114221867,0.22011051762859404,0.035091883144157586,0.8297315363101442,-0.0007728201235206592,0.3173871514331437,0.0021826229653141393,0.08350210545610884,0.0327609463675176,0.06298139470278648,0.10885269595387101,-0.013483309438558888,0.07753174284438066,0.1395050043829696,0.3221603588410747,-0.0013843053449005569,0.011558598559837393,0.1247198164051888,0.021017584470665145,0.9503012496018778,0.6462121357819701,0.5246953729024674,0.03300450543650181,0.21794632886953175,0.2423612553841489,0.08103606811024666,0.07850581877407843,0.1616466843223559,0.13627750979050274,0.010099773411155177,0.006211020838013353,0.00786664521496389,0.011241568321149597,0.0035405158725867586,0.0005503779379623335,-0.00037541870064809014,0.00572870349095935,0.49779724953868315,0.3005645145372891,0.20127487173629707,258.0994482555201,258.18300027538675,22291.16883116883,5758450.642755628,1.0
1,2028.0,36.514011248929705,2.2245003847644615,34466.77091666995,0.9801046481484832,2.5697061965190744,4.674315428176851,2855.245032492475,184.83226516573654,1192.5663580303244,250.3561383398543,226.08640178284753,0.4817736217791956,0.25369493878865745,0.30324419383164597,0.2732889940310897,0.1409561985550361,0.017220602256448347,0.1254269623252451,0.2008756223368992,0.6738951946096426,0.12943118438493423,0.11162031380971767,0.22163917298834518,0.034879434439596,0.8502619486647075,-0.0013297608940711703,0.32864372688037286,0.0019972215932390577,0.08710101990373975,0.03433836604102219,0.06553002642350146,0.1121577790618468,-0.017322403158131255,0.07096471533828096,0.14388943908103755,0.33205284180669187,-0.0017149811581170119,0.009488038244868947,0.1352400123416356,0.02265596443470932,0.9523272408443433,0.642750458013311,0.5223684048245901,0.03037698458402117,0.21844049331104826,0.24068923515453364,0.0812391726444017,0.07933897368621333,0.16002987913168965,0.13813609405161895,0.009886285647231013,0.005482582470287233,0.007555121273950825,0.010685794165033336,0.0026459311209768954,0.0004732830524038191,-0.0005304109355811024,0.005596300323591054,0.5361504187146119,0.3224308815654909,0.21529162192011173,264.9679336121929,265.05359899884735,22400.325396825396,5937194.143502432,1.0
1,2029.0,36.58401060680502,2.2742896922842926,35964.21067961281,0.9757767175839817,2.548563380142412,4.681523015002948,2895.1815568962083,190.69472826302112,1196.1459371628116,243.30385988425505,214.39000668266507,0.4813527096235348,0.2537782332343329,0.3010982117589526,0.2750335812878272,0.14234008180095506,0.01630870796407332,0.11808242014365249,0.20617731106452658,0.6759659220338682,0.1299374516529577,0.10966359074878039,0.22332347331253896,0.03459743474524463,0.8732247906568836,-0.0018071173966519916,0.3411327399903929,0.0019594947112164516,0.09156843537694641,0.03593829868432299,0.0682699112021058,0.11603754792175491,-0.021150381397002645,0.0642436725517935,0.14988907852843666,0.34469350768189544,-0.0020281616483597896,0.0076533218446714155,0.14706813318339632,0.024446531658508512,0.9546887821019517,0.6399077786290713,0.5212279182115664,0.027681186018066746,0.21895926703069182,0.2394750970453978,0.08177551430637144,0.08017486610150677,0.1582572966904207,0.14015190667683322,0.009702253593275588,0.004777530447939213,0.007260623298007232,0.010140887925971379,0.0017980011436778832,0.00039586001110729775,-0.0006761412624984068,0.005472034796698264,0.57975973595672,0.3466486238581967,0.2304969915496033,271.74305485218827,271.82911171171264,22504.790764790763,6113573.495724581,1.0
1,2030.0,36.646445910772734,2.357466304760565,37511.80025130873,0.9714536744729674,2.527893550518667,4.693469676826882,2941.4910674324155,196.46315289571274,1203.330038564672,236.30165345679865,201.45062044952624,0.48098873493367467,0.25398388781586906,0.29887967025267503,0.27678782708802085,0.14365458295299768,0.015361605803849982,0.11069023441141536,0.21138817313422198,0.6781779437616463,0.13052856481771516,0.10778412195940681,0.22516341860117528,0.03424588406110348,0.8986200622866729,-0.0022048896312631223,0.35485419076320385,0.0020694423192463185,0.09690435187572885,0.03756074429742,0.07120104903859949,0.12049200253359531,-0.024967244155173072,0.05736861448491828,0.15750392272516703,0.36008235646668546,-0.0023238468156288918,0.006054449359244806,0.16020417893047093,0.026389286142062717,0.957385873374703,0.6376840976292515,0.5212739130633965,0.02491710973863853,0.21950265002846234,0.23871884105674138,0.0826450930961559,0.08101349601995875,0.15632893699854905,0.14232494766614556,0.0095476772492889,0.004095864770969294,0.006983151287133111,0.009606849603963716,0.0009967259406897214,0.00031810881407276894,-0.0008126096814000033,0.005355906910280981,0.6286252012650078,0.37321774141540665,0.24689098062477186,278.42481197550626,278.5095384139826,22604.564935064936,6287439.579227886,1.0
2,2021.0,44.95969809149291,2.6564116908720568,35878.76834976715,1.008369614801075,2.5417783660059676,4.463036017416153,2960.4719840227535,123.4870943578697,1508.6305022817094,328.0829097901032,310.5162548827262,0.5235915184769947,0.19500588388397852,0.22812028970962264,0.24917479162368308,0.2457220066697808,0.0739685875949159,0.619956991209082,0.16814145492046645,0.21196940858262525,0.02621944592031991,0.04000539293959004,0.017377783323988243,0.016531511028563997,0.7423700986805799,0.002073968004832778,0.33739891378776593,0.004205049892112636,0.030194149371855387,0.015983817651563842,0.028695983569383157,0.24711935036160732,0.007683511810901898,0.07245831414303136,0.06476652466101875,0.3883247792966011,0.00016209040283172692,0.010838035612324038,0.07171449246998639,0.028839955078546434,0.945280920455821,0.6664879594401506,0.585263563285721,0.04224656918481942,0.27033621864603874,0.24639432441157047,0.07189073575535872,0.04942641139080723,0.21953901185189267,0.13496536700952227,0.015580083226034816,0.014361157121551369,0.007151654759648475,0.009133686859862775,0.014790798832413538,0.002353844282186475,0.0032529347121208756,0.004498998072757405,0.21957566504080833,0.17617679135086867,0.23190264835669605,192.3203533705357,192.4408984658929,8984.88,1712197.389507262,1.0
2,2022.0,44.952485662570254,2.5862258245242358,37043.97600179321,1.0054151857677796,2.5259438155308724,4.43851336381303,2945.191354808788,129.67921290527931,1487.2596575873217,323.6486391017711,310.76400926942387,0.5229818699508804,0.19644303900490712,0.22851394824153348,0.2466244374705635,0.24705592763376583,0.07367232748059654,0.6112122901634628,0.16985237936205494,0.21902267458457048,0.027081754192989277,0.04062086876641142,0.0181783426363924,0.016999738966591054,0.7496905116890471,-0.00043017248381025855,0.3434335913355677,0.003013503044397214,0.030297117207396824,0.01664092439807795,0.029260234013838354,0.24815912689727507,0.004884894996856224,0.06966949958938345,0.06457762524603558,0.3795448920808162,-0.00015027228884834353,0.009891111278683645,0.07440310937755275,0.029982490564619303,0.9445127426062595,0.6591370661657362,0.577538526397014,0.041101476239639334,0.2685345250162105,0.2420354337901538,0.07006089250041264,0.04926705259196226,0.21715064707383314,0.13453969529949328,0.015203202267035462,0.013317001055468139,0.006932391583409748,0.008655785079472796,0.01307933172293478,0.002023082286408645,0.002820831959989126,0.0045542097066335226,0.22622606010761626,0.18330821531352362,0.243510208374304,198.51264691875812,198.67028762206087,9054.072323232323,1778350.9497192928,1.0
2,2023.0,44.943275380721026,2.5296320371772314,38330.60296689254,1.0025348396987943,2.5122183509420943,4.4164769484051005,2936.6826781893433,135.65387589141915,1469.9131982547492,318.70917452268407,308.82376241905945,0.522376014441938,0.19787055891721278,0.2288532617081273,0.24412874333678047,0.24836762121934952,0.0733670606895536,0.6027110454074627,0.17155139079349582,0.22583985387111738,0.027912097424377905,0.04123410710781536,0.018928266123254173,0.017440134565885747,0.7597921742853911,-0.00273883598635768,0.3507680513326199,0.0019994943797893416,0.030647012792963717,0.01734929631034622,0.029937743332634645,0.25063120686719476,0.00215939313115204,0.06716974014823278,0.06490667756212341,0.3740338174313358,-0.00044710331637443513,0.008987871480682552,0.07803719050781256,0.031494317690812214,0.9440072902645801,0.6520211549249021,0.5705907974032506,0.03985679189035332,0.2667918577001835,0.237867223897658,0.0684413152797077,0.049106149101895535,0.2147190578650111,0.13427978310399852,0.01486047357700696,0.012312371589417148,0.006734442213389013,0.008195130372424992,0.011441533352050677,0.0017082373870331363,0.002405486576770181,0.004612009713433213,0.2354515846743763,0.1921834117915695,0.2570124107950034,204.53313410523936,204.7231735495361,9121.463434343435,1843483.2987774133,1.0
2,2024.0,44.93206724594523,2.486630328831044,39738.64924506511,0.9997285765941193,2.5006019722396338,4.396926771192366,2934.94595416442,141.4110833162892,1456.591124283992,313.264516052842,304.69551433163286,0.5217739519501676,0.19928844362089548,0.22913823010940404,0.24168770922233404,0.2496570874265319,0.07305278722178707,0.5944532569410819,0.17323848921478915,0.23242094644226605,0.028710475614485805,0.041845107963801836,0.01962755378457355,0.017852697826448084,0.772675086469612,-0.004852022502809487,0.35940229377892235,0.0011630238982890144,0.031243836128556066,0.01810893338836865,0.03072851152577202,0.25453559027136646,-0.0004929937862106583,0.0649590358195793,0.06575368160928227,0.37179155534816,-0.0007284026797465487,0.008128316218320763,0.08261673586076582,0.03337543645712517,0.9437645634307824,0.6451402257176485,0.5644203763044305,0.038512516136961404,0.26510821669795775,0.23388969473408303,0.06703200409324393,0.04894370092060703,0.21224424422542665,0.13418563042303797,0.014551897155949305,0.011347268723398394,0.0065578066495862695,0.007751722738719363,0.009877403719761228,0.001409309584059948,0.0020068985624640406,0.004672398093156477,0.24725223874108854,0.20280238078500623,0.27240925561879437,210.38181492997953,210.59955624831872,9187.053333333333,1907528.5884101277,1.0
2,2025.0,44.918861258242856,2.4572206994856747,41268.114836310946,0.9969963964537546,2.4910946794234903,4.379862832174823,2939.9811827340186,146.95083517988948,1447.2934356750502,307.31466369224495,298.3792650071441,0.5211756824755693,0.20069669311595525,0.22936885344536376,0.2393013351272241,0.2509243262553129,0.07272950707729692,0.5864389247643201,0.1749136746259349,0.23876595229801642,0.02947688876331296,0.04245387133437087,0.020276205620350544,0.018237428748278058,0.7883392482417096,-0.006769732033165677,0.36933631867447525,0.0005040915998962382,0.03208758721417387,0.018919835632145235,0.031632538593250485,0.2598722771097901,-0.0030722657552318664,0.06303738660342303,0.06711863738751213,0.37281810583128866,-0.0009941703789646834,0.007312445491598274,0.08814174543641252,0.035625846863558165,0.943784562104867,0.6384942785439754,0.5590272631005542,0.03706864897946356,0.26348360200953325,0.23010284629942895,0.06583295894102131,0.04877970804809675,0.20972620615507975,0.13425723725661165,0.0142774730038625,0.010421692457411879,0.006402484892001519,0.007325562178355911,0.008386942826066435,0.001126298877489082,0.0016250679170707056,0.004735374845803313,0.2616280223077529,0.2151651222938338,0.2897007428456769,216.05868939297844,216.29943571840863,9250.84202020202,1970423.13333129,1.0
2,2026.0,44.90365741761393,2.441403149141122,42918.999740630046,0.9943382992776999,2.483696472493664,4.365285131352475,2951.7883638981375,152.27313148222,1442.020132427923,300.8596174408929,289.8750144455932,0.520581206018143,0.2020953074023921,0.22954513171600635,0.2369696210514508,0.25216933770569255,0.0723972202560832,0.5786680488771777,0.17657694702693308,0.2448748714383685,0.030211336870859386,0.04306039721952245,0.020874221630585138,0.018594327331375674,0.8067846596016841,-0.00849196457742625,0.38057012601927853,2.269748461100979e-05,0.03317826604981712,0.019782003041675985,0.03264982453507004,0.26664126738246574,-0.005578422775911587,0.06140479249976399,0.06900154489681301,0.37711346888072195,-0.0012444064140288398,0.006540259300515086,0.0946122192347527,0.03824554891011122,0.9440672862868333,0.6320833134038828,0.5544114577916212,0.035525190417859794,0.2619180136349101,0.22650667859369572,0.06484417982303983,0.048614170484364685,0.20716494365397037,0.13449460360471957,0.014037201120746544,0.009535642791457601,0.00626847694063476,0.006916648691334635,0.0069701506709662995,0.0008592052673205368,0.0012599946405901746,0.0048009399713737225,0.2785789353743695,0.22927163631805225,0.30888687247565083,221.56375749423623,221.8228119598059,9312.829494949496,2032105.411240103,1.0
2,2027.0,44.88645572405842,2.4391776777973866,44691.3039580224,0.9917542850659556,2.478407351450155,4.35319366872532,2970.3674976567777,157.37797222328075,1440.7712145426112,293.89937729878596,279.18276264698017,0.5199905225778886,0.203484286480206,0.22966706492133188,0.234692566995014,0.2533921217776709,0.07205592675814587,0.5711406292796544,0.17822830641778367,0.25074770386332235,0.030913819937125067,0.043664685619256585,0.021421601815277348,0.018923393575740927,0.8280113205495353,-0.01001872013559121,0.3931037158133321,-0.00028115844756667176,0.03451587263548583,0.020695435616960897,0.03378036935123068,0.27484256108939326,-0.00801146484824982,0.06006125350860215,0.0714024041371849,0.3846776444964597,-0.001479110784939018,0.0058117576450712,0.10202815725578629,0.0412345425967843,0.9446127359766818,0.6259073302973706,0.5505729603776318,0.03388214045215012,0.26041145157408807,0.2231011916168834,0.06406566673929952,0.04844708822941085,0.20456045672209858,0.13489772946736175,0.013831081506601435,0.008689119725535563,0.006155782795485992,0.006524982277655534,0.005627027254460819,0.0006080287535543131,0.0009116787330224485,0.0048690934698677035,0.2981049779409382,0.24512192285766154,0.32996764450871624,226.89701923375287,227.16968497251048,9373.015757575758,2092516.0628211203,1.0
2,2028.0,44.867256177576344,2.450544285454468,46585.027488488005,0.9892443538185216,2.475227316292963,4.343588444293358,2995.7185840099396,162.26535740307173,1443.5466820191148,286.433943265924,266.3025096113049,0.5194036321548063,0.20486363034939692,0.2297346530613404,0.23247017295791378,0.2545926784712479,0.07170562658348495,0.5638566659717502,0.1798677527984867,0.25638444957287787,0.03158433796211002,0.04426673653357326,0.021918346174427165,0.019224627481373824,0.8520192310852633,-0.011349998707660555,0.40693708805663603,-0.0004074761966368047,0.03610040697117999,0.021660133357999968,0.035024173041732415,0.2844761582305728,-0.010371391972246569,0.05900676962993751,0.0743212151086278,0.39551063267850206,-0.0016982834916952172,0.005126940525266616,0.11038955949951339,0.04459282792357744,0.9454209111744122,0.6199663292244388,0.5475117708585859,0.032139499082334516,0.25896391582706735,0.2198863853689919,0.06349741968980034,0.048278461283235236,0.2019127453594643,0.13546661484453815,0.013659114161427175,0.00788212325964576,0.006064402456555215,0.006150562937318609,0.004357572576549992,0.00037276933619041,0.0005801201943675266,0.004939835341285258,0.3202061500074591,0.2627159819126617,0.3529430589448733,232.05847461152837,232.3400547565224,9431.400808080809,2151597.891744244,1.0
2,2029.0,44.8460587781677,2.475502972112367,48600.17033202688,0.9868085055353979,2.4741563670220885,4.336469458056591,3027.8416229576223,166.93528702159296,1450.3465348574332,278.463315342307,251.23425533856755,0.518820534748896,0.20623333900996496,0.22974789613603178,0.23030243894015012,0.25577100778642353,0.07134631973210044,0.5568161589534654,0.18149528616904217,0.26178510856703513,0.03222289094581423,0.04486654996247249,0.022364454708034595,0.01949802904827436,0.8788083912088682,-0.012485800293634284,0.4220702427491903,-0.00035625576259938797,0.03793186905689961,0.022676096264793198,0.03638123560657523,0.29554205880600437,-0.012658204147901825,0.05824134086377009,0.07775797781114172,0.40961243342684894,-0.001901924534297438,0.004485807941101333,0.1196964259659339,0.048320404890490616,0.9464918118800246,0.6142603101850875,0.5452278892344836,0.030297266308413003,0.2575754063938479,0.2168622598500213,0.06313943867454233,0.048108289645837854,0.19922180956606758,0.13620125973624878,0.013521299085223766,0.007114653393788196,0.005994335923842431,0.0057933906703238605,0.003161786637233823,0.00015342701522882878,0.0002653190246254101,0.005013165585626386,0.3448824515739322,0.28205381348305275,0.3778131157841218,237.04812362756272,237.33392131184164,9487.984646464647,2209295.8646647264,1.0
2,2030.0,44.82286352583249,2.5140537377710834,50736.73248863901,0.9844467402165844,2.4751945036375314,4.331836710015017,3066.736614499826,171.38776107884442,1461.1707730575667,269.9874935279351,233.97799982876805,0.5182412303601577,0.20759341246191,0.22970679414540615,0.22818936494172298,0.2569271097231978,0.07097800620399233,0.5500191082247996,0.18311090652945006,0.2669496808457941,0.03282947888823771,0.04546412590595427,0.022759927416099633,0.019743598276442533,0.9083788009203498,-0.013426124893512394,0.43850317989099497,-0.00012749714545442337,0.04001025889264467,0.02374332433734059,0.03785155704575914,0.30804026281568786,-0.014871901375215593,0.05776496721009988,0.08171269224472665,0.4269830467415003,-0.00209003391274568,0.003888359892575351,0.12994875665504788,0.05241727349752384,0.9478254380935189,0.6087892731793166,0.5437213155053248,0.028355442130385565,0.25624592327442974,0.21402881505997157,0.06299172369352547,0.04793657331721869,0.1964876493419084,0.13710166414249364,0.013417636277991203,0.00638671012796287,0.005945583197347638,0.005453465476671288,0.00203966943651231,-4.999820933043112e-05,-3.272477620390181e-05,0.005089084202891086,0.3721338826403574,0.3031354175688346,0.4045778150264618,241.86596628185583,242.1512846384682,9542.767272727273,2265557.11122317,1.0
3,2021.0,35.1409385327338,-2.4086997704846658,33030.62380365858,1.018407501776647,2.8170486456342028,3.727954591600602,2240.9265524600532,110.94625313043026,1097.339934766274,264.36858544560596,316.82017821822615,0.46701363863232176,0.2187582196252971,0.39483497489658353,0.24975986123917568,0.11124989454819163,0.013834504372654046,0.42098857335002693,0.19515512471390273,0.38772805283855477,0.042595655337931145,0.08406342482893514,0.04556631207905133,0.03119838504484523,0.700572145108289,0.026321829184037346,0.37810988571176285,0.004659767691563035,0.05535780435386897,0.011875037445737655,0.024608561245732213,0.08175736946399526,0.015616692013553805,0.13730320174427466,0.059848927320931,0.33675751292859113,0.0005191241127107837,0.0192574889377142,0.04978089422562215,0.006720612417725568,0.8870357686532805,0.5625996754857389,0.4778334570005876,0.04562869762365114,0.1474087056375356,0.15429208653473417,0.0405556317928096,0.032269180782171066,0.11374276037849246,0.0736082265259232,0.007696440992342975,0.0071898569224069665,0.005239885194881601,0.006586828522529129,0.00518968684205866,0.0006559293067873675,0.0003544709551751956,0.0029069472779107313,0.24043665561995303,0.16703669031580276,0.31548876283309185,167.9590767103089,168.14578184417923,16240.25,2809031.871133973,1.0
3,2022.0,35.08690651431248,-4.913253591630644,34312.66569261613,1.0160383285021886,2.7826066246284564,3.696426368970189,2229.1356798684374,116.48125432280224,1080.5058102445541,262.73590993207046,310.20536748092564,0.46677727723139395,0.22052356455431996,0.3980913675513421,0.24714129314971492,0.11110439239654188,0.014033045392463523,0.40709051920737815,0.20041129997979698,0.3979026743470973,0.04294233351887334,0.08436568408084197,0.04667334744206724,0.031222905312029377,0.700068838848893,0.0204405962101959,0.387182208135015,0.0038305046674665983,0.05375753243410953,0.012599259242948102,0.025292201011979026,0.08090395092358454,0.013406132012282714,0.12834340683733908,0.0559947796380694,0.3220294139607117,0.000368178533166873,0.01596017093602289,0.051633076206857205,0.006901433678249067,0.8857390115341113,0.5537880758451615,0.46838247907416797,0.04377102691676099,0.14552838880797112,0.14962796027094746,0.03933084879351908,0.032166463889018664,0.11168857469353004,0.07260929616921631,0.007578024414986468,0.006453621445467837,0.00502753172546044,0.0062131992232007,0.004471309670141107,0.0005867537983088935,0.00023759513402555243,0.0028109664738999555,0.2460314340200699,0.17337747237083104,0.32960223169389363,172.79982336964338,173.0025354598557,16451.893623737375,2928320.3082493334,1.0
3,2023.0,35.01948810299702,-7.023564602648087,35666.001409957214,1.0136838569565887,2.750938430884725,3.6660901849161496,2220.399162063588,121.84730187488677,1065.0619158719078,260.42270440426375,304.4582415344206,0.4662366294744284,0.2223770434014503,0.401449941975179,0.24456374323084132,0.11076063868661538,0.014190621680915167,0.3931523044920501,0.20530879557763596,0.4082790861439014,0.043398137644900234,0.08478966867127735,0.047781016177782756,0.03130938670775622,0.7027293258354183,0.015987921059866288,0.39725737048719134,0.0031311464080072487,0.053159143716305556,0.013330284324020787,0.02603381018555163,0.08045133613025095,0.011220376729064386,0.12080432847772236,0.05300779053658394,0.31062723051251384,0.00021760322084576802,0.013131269269282654,0.054144700250602626,0.007185521334054377,0.8842141564241857,0.5448708066420987,0.4593236373637644,0.04196349021930026,0.1434949439144246,0.14493765057803987,0.03822986757331027,0.03203432524792759,0.10939623502896902,0.07161059384355645,0.007460281684066689,0.0057512151363996716,0.0048397058694361365,0.005859625726539626,0.0037757438735473887,0.0005213279602141836,0.00012565179252997996,0.002716112760473324,0.25477174698094035,0.1814689153155139,0.34659216501540646,177.54236471422507,177.75894065674768,16661.915404040403,3048374.184389949,1.0
3,2024.0,34.938683298787424,-8.739632803537004,37090.63095568182,1.0113440871398471,2.722044064403008,3.636946039438484,2214.716999045505,127.04439578668381,1051.008251648335,257.4289688621859,299.5788003787111,0.46539169536142516,0.22431865616668806,0.40491069816809416,0.24202721148255482,0.11021863341841215,0.014307233238008976,0.37917392920404264,0.2098476115074197,0.4188572882289672,0.04396306771601184,0.08533537860024128,0.04888931828619787,0.031457829232025766,0.7085536060678645,0.012963803733048488,0.4083353727682919,0.002561692913184984,0.053562638200457056,0.014068112688955709,0.02683338876645003,0.08039952508399445,0.009059426163898826,0.11468596666542448,0.05088796001647462,0.3025509625839976,6.739817574746856e-05,0.010770783937493495,0.05731576635685841,0.007572875385141497,0.882461203323504,0.5358478678765505,0.45065693186937683,0.04020608753126893,0.1413083709568961,0.14022115745601135,0.03725268813218318,0.03187276485889785,0.10686574138480935,0.07061211954894363,0.007343212799583636,0.005082637995202469,0.004676407626808693,0.005526108032545904,0.0031029894522775054,0.0004596517925032379,1.864093068847824e-05,0.0026223861376308377,0.2666575945025643,0.1913110191498514,0.36645856279763045,182.18670074405398,182.41499743485525,16870.315340909092,3169108.4541901727,1.0
3,2025.0,34.8444921016837,-10.061458194297384,38586.554329789964,1.009019019051964,2.6959235251833062,3.608993932537192,2212.089190814189,132.07253605819338,1038.3448175738363,253.75470330583693,295.56704401379704,0.46424247489238424,0.2263484028500333,0.40847363613008764,0.2395316979048555,0.10947837659193217,0.014382880063744951,0.3651553933433559,0.21402774776914812,0.42963728060229456,0.044637123732208156,0.08600281386773374,0.0499982537673126,0.031668232884838006,0.7175416795462322,0.011368244229742528,0.4204162149783166,0.0021221441829998083,0.05496801588656404,0.014812744337752872,0.027690936754674222,0.08074851778481507,0.006923280316786031,0.10998832140044548,0.049635288077741486,0.29780061017516307,-8.243660212802514e-05,0.008878714940655421,0.061146274525624565,0.00806349583151043,0.880480152232066,0.5267192595485166,0.4423823625910053,0.038498818852667024,0.1389686699353856,0.13547848090486192,0.03639931047013781,0.03168178272192942,0.10409709376105108,0.06961387328537783,0.007226817761537311,0.004447890021876231,0.004537636997578107,0.005212646141219538,0.002453046406331458,0.00040172529517605647,-8.343745149895264e-05,0.002529786605372496,0.28168897658494185,0.20290378387384356,0.38920142504056554,186.73283145913007,186.97070579417834,17077.093434343435,3290436.8515339848,1.0
3,2026.0,34.736914511685825,-10.98904077492923,40153.77153228164,1.0067086526929392,2.6725768132256196,3.5822338642122733,2212.5157373696393,136.9317226894155,1027.071613648411,249.39990773521674,292.4229724396786,0.4627889680673056,0.228466283451486,0.4121387558611594,0.23707720249774336,0.10853986820717544,0.014417562158123093,0.3510966969099898,0.21784920436282132,0.4406190632638835,0.04542030569348917,0.08679197447375475,0.05110782262112692,0.03194059766619295,0.7296935462705207,0.011201242549948387,0.43349989711726544,0.0018125002174517184,0.0573752767746265,0.01556417927041227,0.028606454150224205,0.08149831423271281,0.004811939187726005,0.10671139268278532,0.049249774720384484,0.2963761732860101,-0.0002319011127807132,0.007455062278768423,0.06563622475690108,0.008657382673161173,0.8782710031498719,0.5174849816579974,0.4344999295286498,0.036841684183494525,0.13647584084989306,0.13070962092459157,0.03566973458717416,0.031461378837022325,0.1010902921576942,0.06861585505285905,0.007111096569927712,0.0038469712164209565,0.0044233939817443805,0.0049192400525605254,0.0018259147357092458,0.0003475484682326392,-0.0001805833540323128,0.002438314163698299,0.299865893228073,0.21624720948749035,0.41482075174421174,191.18075685945337,191.426065734717,17282.249684343435,3412271.889554996,1.0
3,2027.0,34.615950528793825,-11.522380545432547,41792.28256315683,1.0044129880627728,2.6520039285299477,3.556665834463728,2215.996638711857,141.6219556803501,1017.1886398720591,244.36458215032542,290.14658565635557,0.4610311748861892,0.23067229797104616,0.4159060573613094,0.23466372526121834,0.10740310826414198,0.014411279521143398,0.3369978399039444,0.22131198128843924,0.45180263621373407,0.0463126135998549,0.0877028604183043,0.05221802484764085,0.032274923576090596,0.7450092062407305,0.012462798693666075,0.4475864191851385,0.0016327610165407136,0.06078442086464443,0.016322417486933905,0.02957994095309998,0.08264891442768765,0.002725402776718743,0.10485518051244401,0.04973141994440364,0.29827765191653877,-0.0003809953562105956,0.006499825951832503,0.07078561705068796,0.009354535910093727,0.8758337560769216,0.5081450342049927,0.42700963268231035,0.03523468352375144,0.13382988370041854,0.1259145775152003,0.035063960483292224,0.03121155320417655,0.09784533657473869,0.06761806485138731,0.00699604922475484,0.0032798815788366454,0.004333678579307513,0.004645889766568866,0.001221594440410869,0.0002971213116729862,-0.0002727967769116023,0.002347968812608246,0.32118834443195765,0.23134129599079176,0.443316542908569,195.53047694502385,195.78107725647124,17485.784090909092,3534524.860636446,1.0
3,2028.0,34.48160015300768,-11.661477505807332,43502.087422415556,1.002132025161465,2.634204871096291,3.5322898432915566,2222.531894840841,146.1432350309973,1008.695896244781,238.6487265511629,288.73788366382803,0.4589690953490351,0.23296644640871378,0.4197755406305378,0.23229126619528045,0.10606809676283177,0.014364032152805871,0.3228588223252196,0.2244160785460019,0.4631879994518463,0.047314047451305324,0.08873547170138239,0.05332886044685438,0.03267121061453093,0.7634886594568615,0.015152912660895582,0.46267578118193575,0.0015829265802667965,0.06519544815661783,0.01708745898731778,0.03061139716330155,0.08420031836973961,0.0006636710837642451,0.10441968488942155,0.05108022374979894,0.30350504606674905,-0.0005297193324176726,0.006013005959847663,0.07659445140698522,0.010154955542308093,0.873168411013215,0.4986994171895024,0.4199114720519869,0.033677816873437766,0.13103079848696197,0.12109335067668814,0.03458198815849201,0.0309323058233921,0.09436222701218455,0.06662050268096262,0.006881675726018694,0.0027466211091232966,0.004268490790267503,0.004392595283244561,0.0006400855204363265,0.00025044382549709737,-0.00036007772013682093,0.002258750552102338,0.3456563301965959,0.24818604338374783,0.47468879853363743,199.78199171584157,200.035740359441,17687.696654040403,3657105.836411204,1.0
3,2029.0,34.3338633843274,-11.406331656053583,45283.18611005781,0.9998657639890154,2.6191796409246493,3.509105890695759,2232.1215057565914,150.495560741357,1001.5933827665765,232.2523409377292,288.19686646209607,0.45660272945584335,0.23534872876448887,0.4237472056688444,0.22995982529992975,0.10453483370324483,0.01427582005311051,0.30867964417381555,0.2271614961355093,0.4747751529782201,0.048424607247840465,0.08988980832298904,0.05444032941876751,0.03312945878151397,0.7851319059189136,0.01927158445163693,0.4787679831076571,0.0016629969086299674,0.07060835865054674,0.017859303771563893,0.03170082278082891,0.08615252605886867,-0.001373255891137486,0.10540490581371795,0.0532961861365704,0.312058355736641,-0.0006780730414019438,0.005994602302813902,0.08306272782579284,0.011058641569804269,0.8702749679587523,0.4891481306115266,0.4132054476376795,0.03217108423255351,0.12807858520952342,0.11624594040905507,0.034223817612773516,0.03062363669466898,0.09064096347003181,0.06562316854158494,0.0067679760737192765,0.0022471898072809133,0.004227830614624353,0.0041593566025876095,8.138797578562048e-05,0.00020751600970497278,-0.00044242618370796865,0.002170659382180575,0.37326985052198774,0.2667814516663585,0.5089375186194169,203.9353011719065,204.19005504362633,17887.987373737375,3779923.667761768,1.0
3,2030.0,34.172740222752985,-10.7569429961713,47135.578626083596,0.9976142045454243,2.606928238015022,3.4871139766763344,2244.765471459109,154.6789328114292,995.8810994374456,225.17542531002437,288.5235340511596,0.4539320772066139,0.23781914503837143,0.42782105247622937,0.22766940257516616,0.10280331908538114,0.014146643222057314,0.2944603054497321,0.2295482340569614,0.48656409679285556,0.049644292989460305,0.09116587028312421,0.05555243176338025,0.03364966807703971,0.8099389456268868,0.02481881406589011,0.4958630249623027,0.0018729720016302243,0.0770231523464311,0.01863795183967224,0.03284821780568206,0.08850553749507487,-0.0033853781479864474,0.10781084328533322,0.056379307104718016,0.32393758092621455,-0.0008260564831634094,0.006444614980731225,0.09019044630711082,0.012065593992582257,0.8671534269135333,0.4794911744710654,0.4068915594393882,0.03071448560109866,0.12497324386810287,0.11137234671230108,0.03398944884613674,0.030285545818007187,0.08668154594828044,0.06462606243325429,0.006654950267856586,0.0017815876733094929,0.004211698052378061,0.003946173724598012,-0.0004544981935412504,0.00016833786429661248,-0.0005198421676250456,0.0020836953028429564,0.40402890540813313,0.28712752083862386,0.5460627031659075,207.99040531321862,208.2440213090272,18086.65625,3902885.9848202653,1.0
4,2021.0,43.13937527510253,2.785424677407802,59121.710401182,1.0082349509614141,2.7001255128914528,3.7560805544463354,2446.3010299580233,102.819255905101,1342.195485765198,256.0794378507666,285.6827249599943,0.5083667573887125,0.20603331825543403,0.2108194069586335,0.28643888123891803,0.22434968860185478,0.04884346114699787,0.6460183428795793,0.23544806289905199,0.115045995016647,0.0033329138108008443,0.017013914676319946,0.0052488223178014555,0.006527932161730795,0.779392726437084,-0.0010189805420840838,0.3342045235390039,0.003012308243047205,0.008244132456236264,0.007109985059289955,0.012669066010032122,0.2033130937394273,0.005005513873590365,0.09165607044931275,0.028963384144689578,0.37136727634426925,-1.882175795219274e-05,0.0027638915934916053,0.034025119403412005,0.018341834484473928,0.9146933606291596,0.5947354202419605,0.5303245631450663,0.0369104224874481,0.2032252758183761,0.17198147823521037,0.03409856381394897,0.025901674182326338,0.15825024211570535,0.09871891526173306,0.010424667167361342,0.008595723722085481,0.003443153736004738,0.003755407856891171,0.009990861606761802,0.0011665136679619122,0.0013890141362755551,0.0006180642596386004,0.1688654047678958,0.0972336184702605,0.3330858381440186,166.53894960573808,166.71069076212746,6152.227272727273,1028330.6317027222,1.0
4,2022.0,43.125288191923794,2.7831556119876306,62083.7680429641,1.0058163953716894,2.6760047348672256,3.7041926300670407,2416.7775506698954,107.24214171847306,1330.4145246110181,250.09129871094603,288.555243566485,0.5081119147099631,0.20624550802138097,0.21101794594669035,0.28508426726362784,0.2260723142330977,0.047553983562703996,0.6406942078335036,0.23733186480124643,0.1181701281943921,0.0034544831006532235,0.017438930571200897,0.005440494469534826,0.0065640956415061605,0.7910938080928801,-0.0037195947189042457,0.34132016869588355,0.0024370877559208373,0.008180795321196104,0.007506482064499518,0.012931759725852423,0.20344795359388826,0.0027237945796561645,0.0893693434334514,0.028413582736640786,0.3600220040302097,-2.8735567895642917e-05,0.002240267009645897,0.033984404828228926,0.018244796031275313,0.9157415082506429,0.5873902911382212,0.52310156375023,0.03665106919559057,0.2003699160315831,0.1667104514494319,0.03029839447337698,0.025148027510040503,0.154535981468868,0.0988737507680657,0.010079711026492957,0.008059031959693298,0.0033192829216706836,0.003535062982154252,0.009053897521114232,0.001028144946899606,0.0011531099007020252,0.0005922226896810759,0.17324211384645677,0.1011540194117635,0.3508779966704254,170.52236228099093,170.7075367793813,6212.831955922866,1067096.166604025,1.0
4,2023.0,43.11403547806128,2.7840940660857005,65114.57518538241,1.003460384195436,2.6565176484622093,3.6562464703578126,2395.3655713021867,111.52654216523318,1322.056279277526,243.77133461512287,290.1930828317082,0.5078488195939735,0.2065120883435829,0.21110685576015573,0.28372843053472957,0.22792681489564462,0.04628752584571432,0.6353628757128184,0.2393339234103823,0.12122041849185253,0.0035688143613280695,0.017818987314624564,0.005631987144349441,0.00659914609727856,0.8052873169605577,-0.00637138442301822,0.3496717259130515,0.0019492587630230952,0.00819468003626573,0.007909207280391127,0.013221157890105438,0.20491821658799908,0.0004836022667093084,0.0872855233638136,0.028107198066141717,0.3521074802151683,-3.944459189096224e-05,0.001739125251901362,0.034661665567920726,0.01855139785141109,0.9168546051088117,0.5802248927324087,0.516537944880795,0.036285050957398264,0.1976091434465677,0.1616701195836954,0.02687714769525984,0.024453814724553477,0.15091381067142803,0.09907359221264582,0.009760411266193408,0.007511111143233788,0.0031975552094254695,0.0033218545216879684,0.008155650039291985,0.0008944303802044299,0.0009364394536734085,0.0005666341731364892,0.17971210569094723,0.10603064312476271,0.37120454154947813,174.45160011154695,174.6501342059912,6271.180899908172,1105410.6045729455,1.0
4,2024.0,43.10561713351501,2.7882400397020137,68214.13182843695,1.001166917432653,2.6416642536764035,3.6122420753186515,2382.0650918548977,115.67245724538134,1317.120749764722,237.1195455632971,290.5962427556638,0.5075774720407438,0.2068330592220398,0.21108613639902962,0.2823713710522234,0.22991319058949536,0.04504408799602887,0.630024346517523,0.24145423872645957,0.12419686590902833,0.003675907592825381,0.018154084906590946,0.005823300342245302,0.006633083529047994,0.821973253040117,-0.008974349654426008,0.35925919519050775,0.0015488212643539779,0.008285786601445145,0.00831816070696478,0.01353726050279117,0.2077238827217597,-0.0017150630652502054,0.0854046102403993,0.028044230133192374,0.34762370489914507,-5.0948829938150675e-05,0.001260466320258,0.03605690162248742,0.019261639944881268,0.9180326512036657,0.5732392250245233,0.5106337065367614,0.03581236777287117,0.19494295806332976,0.15686048263800095,0.023834823479597537,0.02381903582586525,0.1473837297233855,0.09931843959547339,0.009466767886462692,0.00695196127270695,0.0030779705992690985,0.0031157824754923223,0.007296119161295065,0.0007653699678763837,0.0007390027951897044,0.00054129871000484,0.18827538030136715,0.11186348960925813,0.3940654727811768,178.32666309740608,178.5384830419572,6327.274104683195,1143230.3943670867,1.0
4,2025.0,43.100033158284965,2.7955935328365693,71382.43797212771,0.998935995083341,2.631444550509809,3.5721794449495565,2376.8761123280274,119.67988695891755,1315.6079360726058,230.13593155546877,289.76472333835187,0.5072978720502738,0.2072084206567516,0.21095578786331196,0.2810130888161091,0.23203144131465,0.04382367001364761,0.6246786202476181,0.24369281074947827,0.12709947044591946,0.0037757627951451596,0.01844422334710004,0.00601443406322241,0.006665907936814461,0.8411516163315579,-0.011528490413127606,0.3700825765282522,0.0012357752599134867,0.008454115016734346,0.008733342344220477,0.01388006756390962,0.21186495199517016,-0.0038722014162223747,0.08372660406320855,0.028224678937792756,0.3465706780821401,-6.324828203720822e-05,0.0008042902147158127,0.038170112991928996,0.020375522311685837,0.9192756465352052,0.5664332880145646,0.5053888487181293,0.0352330196420093,0.19237135988186943,0.15228154061234853,0.021171421826390095,0.02324369081397583,0.1439457386247404,0.09960829291654844,0.009198780887300815,0.0063815823481127845,0.002960529091201568,0.0029168468435673113,0.006475304887123472,0.0006409637099154677,0.0005607999252509138,0.0005162163002861284,0.19893193767771658,0.11865255886524975,0.4194607903655214,182.14755123856833,182.37258328727927,6381.111570247935,1180513.0651935064,1.0
4,2026.0,43.09728355237116,2.806154545489367,74619.49361645468,0.9967676171474996,2.625858538962425,3.5360585792505295,2379.7986327215763,123.54883130584182,1317.5178382011773,222.82049259163787,287.69852457977237,0.5070100196225638,0.20763817264771836,0.21071581015300278,0.2796535838263869,0.2342815670711086,0.04262627189857057,0.6193256969031034,0.24604963947943836,0.12992823210252594,0.0038683799682874037,0.018689402636151844,0.006205388307280763,0.00669761932057796,0.8628224068348807,-0.014033806699123021,0.3821418699262851,0.0010101207497016213,0.008699665282133338,0.009154752192158219,0.014249579073460783,0.21734142440823045,-0.0059878127862071995,0.08225150483224132,0.02864854447994286,0.34894839976415337,-7.634294818813491e-05,0.0003705969352747982,0.04100129967624546,0.02189304495182481,0.9205835911034302,0.559807081702533,0.5008033714248985,0.03454700656481264,0.1898943489021866,0.1479332935067381,0.018886942735637492,0.02272777968888522,0.14059983737549273,0.09994315217587091,0.00895645026870777,0.005799974369451292,0.0028452306852228795,0.002725047625912937,0.005693207216777204,0.0005212116063216819,0.0004018308438570364,0.0004913869439803547,0.21168177781999545,0.12639785089273758,0.447390494302512,185.9142645350337,186.1524349419574,6432.693296602388,1217217.2267087186,1.0
4,2027.0,43.09736831577357,2.819923077660407,77925.29876141789,0.9946617836251291,2.624906219034252,3.5038794782215685,2390.832653035545,127.27929028615414,1322.850456150437,215.17322867180437,284.39764647992536,0.5067139147576134,0.20812231519494004,0.21036620326810213,0.27829285608305665,0.2366635678588711,0.04145189365079774,0.6139655764839789,0.24852472491633984,0.13268315087884777,0.003953759112252114,0.018889622773746364,0.006396163074420364,0.006728217680338492,0.8869856245500848,-0.01649029851241224,0.3954370753846062,0.0008718577337183804,0.009022437397642117,0.009582390250778004,0.014645795031444659,0.22415329996094055,-0.008061897175204683,0.08097931254749763,0.029315826759642692,0.3547568699451848,-9.023282839093071e-05,-4.0613518065042816e-05,0.0445504616754368,0.023814207865298167,0.9219564849083407,0.5533606060884282,0.4968772746570691,0.033754328541281194,0.18751192512428136,0.1438157413211697,0.01698138620733973,0.022271302450593413,0.13734602597564247,0.10032301737344086,0.008739776030683565,0.0052071373367224725,0.002732075381333032,0.0025403848225291985,0.0049498261502562615,0.0004061136570950261,0.0002620955510080718,0.0004668106410875186,0.2265249007282038,0.13509936569172165,0.4778545845921485,189.62680298680218,189.87803800599167,6482.019283746557,1253302.5690186906,1.0
4,2028.0,43.10028744849223,2.8368991293496895,81299.85340701732,0.9926184945162294,2.628587590725289,3.4756421418626746,2409.978173269932,130.8712638998545,1331.6057899203843,207.1941397959683,279.8620890388108,0.5064095574554229,0.20866084829841666,0.2099069672086099,0.27693090558611844,0.2391774436779375,0.04030053527032911,0.6085982589902446,0.25111806706018275,0.13536422677488497,0.004031900227039292,0.0190448837598836,0.00658675836464121,0.006757703016096058,0.9136412694771706,-0.01889796585299528,0.4099681929032156,0.0008209862119637651,0.009422431363260684,0.010016256520079835,0.015068715437861256,0.23230057865330053,-0.010094454583214825,0.07991002720897745,0.030226525776892246,0.36399608862523447,-0.00010491792264559562,-0.00042934114530371065,0.04881759898950304,0.026139011052105924,0.9233943279499364,0.5470938611722503,0.4936105584146411,0.032854985571414974,0.18522408854815361,0.13992888405564333,0.015454752241496821,0.021874259099100415,0.1341843044251896,0.1007478885092583,0.008548758173228192,0.004603071249926325,0.0026210631795320267,0.0023628584334160958,0.004245161687560643,0.0002956698622355003,0.0001415940467040201,0.0004424873916076199,0.24346130640234168,0.1447571032622019,0.510853061234431,193.2851665938738,193.54939247938194,6529.089531680441,1288729.8626788456,1.0
4,2029.0,43.10604095052711,2.8570827005572146,84743.15755325297,0.9906377498208004,2.636902654035538,3.451346570173848,2437.2351934247386,134.32475214694293,1343.7838395110196,198.88322596412965,274.09185225642864,0.5060969477159922,0.20925377195814826,0.20933810197452624,0.2755677323355722,0.24182319452830778,0.0391721967571647,0.6032237444219004,0.25382966591096706,0.13797145979063752,0.004102803312648934,0.019155185594563542,0.006777174177943301,0.006786075327850657,0.9427893416161381,-0.02125680872087213,0.4257352224821133,0.000857506184437776,0.00989964717898904,0.010456351000063709,0.015518340292710564,0.24178326048531032,-0.012085485010237618,0.07904364881668084,0.03138064153169153,0.37666605580430235,-0.00012039823095212968,-0.0007955859464412043,0.05380271161844416,0.028867454512248078,0.9248971202282177,0.5410068469539994,0.4910032226976144,0.03184897765521397,0.1830308391738034,0.13627272171015897,0.014307040838108763,0.02153664963440622,0.13111467272413418,0.10121776558332317,0.008383396696341654,0.003987776109062849,0.002512194079819863,0.0021924684585736295,0.003579213828690353,0.00018988022174310477,4.032633094488184e-05,0.00041841719554065916,0.262490994842409,0.15537106360417838,0.5463859242293595,196.8893553562486,197.16649836212835,6573.904040404042,1323460.9586940617,1.0
4,2030.0,43.11462882187823,2.880473791282982,88255.21120012483,0.9887195495388422,2.649851408964997,3.430992763155088,2472.6037134999638,137.6397550274194,1359.3846049223425,190.24048717628847,267.086936132779,0.5057760855393214,0.2099010861741348,0.20865960756585106,0.2742033363314179,0.24460082040998196,0.0380668781113045,0.5978420327789465,0.2566595214686928,0.14050484992610537,0.004166468369081043,0.0192205282777862,0.006967410514326639,0.0068133346156022895,0.9744298409669873,-0.023566827116042795,0.4427381641212993,0.0009814176511404123,0.010454084844827183,0.01090267369072963,0.01599466959599259,0.25260134545696994,-0.014034988456273071,0.07838017737060773,0.032778174024040534,0.3927667714823885,-0.00013667375331053285,-0.001139347921477525,0.05950579956226017,0.03199953824572463,0.9264648617431842,0.5350995634336754,0.4890552675059892,0.03073630479267818,0.18093217700123077,0.13284725428471666,0.013538251997175545,0.021258474056510834,0.12813713087247616,0.10173264859563552,0.008243691600023955,0.003361251914132048,0.002405468082196541,0.0020292148980017998,0.002951982573645387,8.874473561783939e-05,-4.170759626934335e-05,0.000394600052886636,0.28361396604840583,0.16694124671765107,0.5844531735769338,200.43936927392645,200.72935565423077,6616.462809917356,1357458.7885186712,1.0
