GMC,gem_name,YEAR,AGE_MEAN,Income_MEAN,Moving_Count_MEAN,Lifeevents_Count_MEAN,UniqueMed_Count_MEAN,ZVWKOSTENTOTAAL_MEAN,ZVWKHUISARTS_MEAN,ZVWKHUISARTS_NO_REG_MEAN,ZVWKZIEKENHUIS_MEAN,ZVWKFARMACIE_MEAN,ZVWKOSTENPSYCHO_MEAN
GM0484,Alphen aan den Rijn,2009,38.2981811605478,,0.0886619653814452,0.133263119333272,3.73629195648527,2009.2008251352026,137.06372579257499,83.05728400585066,1099.0181295446616,303.19944109472556,226.9513039908589
GM0484,Alphen aan den Rijn,2010,38.5843953801201,,0.0857681950576123,0.161827474399604,3.79621680328929,2030.8854038983281,139.57586696167422,77.21411248512578,1104.5951230794847,304.4062972092751,227.20725410041592
GM0484,Alphen aan den Rijn,2011,38.9256176088895,28359.7724730981,0.0861715373910496,0.176664469347396,3.85198413221398,2082.9614132875413,156.5056261060421,89.60900147638755,1131.3154407902973,297.97046735361016,245.2626974058506
GM0484,Alphen aan den Rijn,2012,39.2827942036833,28466.6078793966,0.0818937470788236,0.17880806840364,3.80686626746507,2003.9387109967283,153.79576673642285,92.27667354925916,1135.2883494358564,261.4375345739549,207.22760777636665
GM0484,Alphen aan den Rijn,2013,39.6691812261951,28694.017651718,0.378354484003463,0.534811117455289,3.83807678664011,2142.758524517177,152.00455509423932,89.86207598800021,1216.611423831442,243.8862693101277,249.90133804914015
GM0484,Alphen aan den Rijn,2014,39.9390953528218,29817.5581740323,0.0866296532265405,0.183489578592883,3.8576241255179,2123.972404879486,163.23055237051705,99.05212379722887,1229.6916160743879,242.9875860096074,206.65849404598316
GM0484,Alphen aan den Rijn,2015,40.214487384979,29821.3117399504,0.0859932611137278,0.186804825912105,3.89268140597254,2200.279289408008,163.37073225651835,97.50309379400301,1189.0123243016092,256.57489892231354,162.44007348836763
GM0484,Alphen aan den Rijn,2016,40.4802248476659,31272.5056165256,0.0998716947951154,0.215086179824679,3.90622319897084,2249.2612836141143,173.91888602119474,106.95399611252883,1216.9922053443265,255.49398686364168,159.2436166198107
GM0484,Alphen aan den Rijn,2017,40.7005244807963,32243.9501183091,0.0992431662363102,0.21613391505654,3.91616269735082,2338.5298452265106,179.4264217602784,111.4284292064861,1280.472416978336,252.9051797655539,159.74632837629386
GM0484,Alphen aan den Rijn,2018,40.8869767509823,32871.7897924267,0.0994947361008415,0.215995915636773,3.94444959535888,2385.867904456069,184.48974719510923,114.86128263645925,1288.0163598878032,257.23213652761785,181.76264645027396
GM0484,Alphen aan den Rijn,2019,41.0980998002825,35247.8324621881,0.0932541588438196,0.207885429856351,3.90389374473463,2425.2441849526003,188.63197835212725,118.20540430476275,1322.8226952811797,255.27412460855976,192.93863107620268
GM0484,Alphen aan den Rijn,2020,41.3474851407027,35895.5415402681,0.096807504403891,0.211326026779129,3.8381285107549,2315.70100504703,184.26962042228,116.274758998265,1231.01629250275,258.13587607621,207.838716316517
GM0484,Alphen aan den Rijn,2021,41.5500759598072,37079.7529318739,0.083344870552402,0.190121833033366,3.86798661989951,,,,,,
GM0484,Alphen aan den Rijn,2022,41.6827248277466,38932.6400678667,0.0842361794005729,0.194578648082432,3.88770463621697,,,,,,
GM0503,Delft,2009,37.9293929605217,,0.134674027081883,0.222371478717876,3.90196528606851,2119.5172092412336,121.90488722390612,68.11867034988785,1154.6503772977846,331.13598172322213,278.38299350878106
GM0503,Delft,2010,37.8654931493401,,0.144681967978069,0.299649061409393,3.96559563041621,2179.460819853488,125.05194128431393,63.16746026867424,1179.8856170598758,331.3222991282737,304.3968592059759
GM0503,Delft,2011,37.9213373860155,24614.3440053698,0.140140333897895,0.320493588192596,4.01491979442454,2200.9276033918973,138.62484462609353,72.11477137116584,1196.109205973566,324.4527592766408,300.54412657112476
GM0503,Delft,2012,37.9677379881049,24675.6858426871,0.135093647422282,0.32097895346592,3.957454825188,2075.214794301616,131.9799350321977,71.32128672828321,1142.2593546877877,281.3984960649961,298.4842864708636
GM0503,Delft,2013,38.0086823514178,24933.0834006548,0.12848662978331,0.320750729983095,3.94497732408388,2150.2893878669584,132.59321963574007,71.10417654468702,1191.760722928333,259.6797038873605,301.96130146256155
GM0503,Delft,2014,37.984426354103,25910.8286576742,0.135122020836307,0.340174111602683,3.95166392509174,2113.2438934101924,141.2539996446007,77.84579184633759,1190.2121626253245,255.44581817957837,259.647234528676
GM0503,Delft,2015,38.0469990278189,25759.9485734635,0.140759407328811,0.338265944143393,3.9850390320683,2229.96803173913,144.41061132006595,79.41703540793625,1145.4211502778753,270.83576787468877,241.84817757847705
GM0503,Delft,2016,38.1048148992601,26706.5154766645,0.135385577442369,0.324464910036667,4.00309314143231,2385.444634412501,149.52367487991904,83.43311776532818,1290.079394501578,267.30576242889845,245.70349128893932
GM0503,Delft,2017,38.1323627227986,27707.3179508625,0.150222907770734,0.362511991873742,4.00130202130869,2411.469757165074,149.74550702761064,83.21388138477258,1302.3549629117867,266.52052445757585,258.55844091857034
GM0503,Delft,2018,38.1937631161106,27888.1826536414,0.129913987723193,0.326874638505887,4.02177946911561,2416.2086858718676,160.47101000971057,97.60148770901347,1319.7830166262447,265.9501296225605,242.54114324625394
GM0503,Delft,2019,38.2513534612735,30682.004637866,0.131077459499059,0.330118604931517,3.98389912403753,2422.1514193193743,159.84927215698474,96.27828464372206,1295.3726524019105,273.5555091095419,253.93077616224028
GM0503,Delft,2020,38.3365970611995,31208.1447256997,0.137562564183219,0.340136369103239,3.92137278946689,2321.61621844013,160.702524493135,97.285527896999,1202.88716905927,266.120024172462,265.652892802526
GM0503,Delft,2021,38.3311940346338,32340.2640132771,0.139698787984599,0.33159050603251,3.93374741200828,,,,,,
GM0503,Delft,2022,38.3981767099273,33972.1803608424,0.131304300311458,0.3171502467989,3.97912933325094,,,,,,
GM0518,'s-Gravenhage,2009,37.5604854262906,,0.161410355932634,0.258624566645223,4.23175650378371,2314.974133191878,133.1140950010357,79.38832045039793,1188.0435987185565,357.5986236968445,392.58148726597807
GM0518,'s-Gravenhage,2010,37.5571663679862,,0.151472279910752,0.301919676978545,4.32373420730309,2345.6858399356743,131.40005938324208,69.80123514746053,1219.8883456401331,364.61560563804557,370.9037363654318
GM0518,'s-Gravenhage,2011,37.6023489722524,25905.4438049656,0.134553016469179,0.294995497234015,4.40971003121525,2375.0666972467175,140.50470679727005,73.88585893668933,1251.3859458005218,363.76526440401636,342.2854145097399
GM0518,'s-Gravenhage,2012,37.6772725662678,26022.2090629018,0.131325390873232,0.298136136285135,4.32165971258994,2289.8669443604717,131.9957544492291,71.61885649045955,1297.523258356153,312.44057217730784,283.14397298789214
GM0518,'s-Gravenhage,2013,37.7674596949081,26215.7275776345,0.137821539674806,0.311275239288646,4.28808288091417,2324.9028861462334,136.7780227143653,75.60352262302722,1280.1331226401192,290.0269737913144,325.0960521470757
GM0518,'s-Gravenhage,2014,37.864537875963,27636.8231240151,0.133748009198584,0.308107427123036,4.31104542935501,2318.911794957709,145.95346654289517,82.9758134655586,1293.2153962538073,279.76780366324243,290.3985541563366
GM0518,'s-Gravenhage,2015,37.9612660154897,27617.1059492453,0.134415206206737,0.310730740223568,4.33917923535602,2449.4562319083743,147.7220010582896,83.26072513769668,1257.0478418814764,304.9804259547754,276.1571946285629
GM0518,'s-Gravenhage,2016,38.0556145686602,28734.9689541123,0.133756220972642,0.311335789405649,4.35737936366539,2565.2852918596473,155.90188390541573,90.3597174151802,1333.6563126873846,309.7735138742885,278.0800346538746
GM0518,'s-Gravenhage,2017,38.1392017114275,29887.7324486998,0.133280306775663,0.313633237435534,4.36888675242937,2594.9857487969966,158.79092083866234,93.03844753453956,1330.7309150728297,300.2027632701401,265.0747046813385
GM0518,'s-Gravenhage,2018,38.2701908063416,30059.0362932147,0.121811869599145,0.292758879801162,4.40340664673895,2666.011147429213,171.9602694931002,106.3175958917295,1351.6284613941125,296.25416947243804,291.8025165777729
GM0518,'s-Gravenhage,2019,38.3861466273592,32316.4157347621,0.119042565146275,0.288190102796353,4.31843456888095,2615.2188126539468,178.51616095756745,112.813092334564,1318.4888462820809,289.52642636068697,293.3432163426906
GM0518,'s-Gravenhage,2020,38.6123882798403,33040.396394554,0.125716886824869,0.297574894525978,4.22361234945199,2465.12159150352,175.332246891166,110.976199995221,1207.17691513929,285.547521444761,297.108562552792
GM0518,'s-Gravenhage,2021,38.7600965299858,34519.4279904906,0.124042897875686,0.290649466239119,4.25299676683257,,,,,,
GM0518,'s-Gravenhage,2022,38.8548485914244,36274.2411086455,0.121914507767533,0.287588401268579,4.26797157461663,,,,,,
GM0534,Hillegom,2009,40.527924400345,,0.0985101283075622,0.143582271936833,4.00933670492122,2162.597652532931,139.72766647789186,85.66845416211997,1172.5009823347546,346.06724693465236,236.84749942345294
GM0534,Hillegom,2010,40.799961587362,,0.0842559579658473,0.154672546443986,4.0900675024108,2197.3451115182315,142.2532902390971,80.29954420885221,1155.8269386137329,349.57509914887646,274.3326412021893
GM0534,Hillegom,2011,40.9617238763453,28411.0567904776,0.0890544946436889,0.183185840707965,4.15273081924577,2246.927798168917,153.87338898471634,86.08793144141896,1250.2696666063446,343.22786620479275,216.21758046054504
GM0534,Hillegom,2012,41.2645506344772,28289.3220411664,0.0839765646796243,0.182181716730215,4.02616413857058,2092.537890085545,147.1618874915897,84.81475333934776,1203.4063422465454,292.0063425446759,178.61605788426328
GM0534,Hillegom,2013,41.5532622717625,28601.5132911693,0.086453591006225,0.190420886369971,4.11267324093817,2340.873827514218,147.02396446876307,84.29793181125683,1342.3824162752744,274.04032750933067,228.20243894901822
GM0534,Hillegom,2014,41.8469958625387,30124.7838183714,0.0784205184980164,0.195820647661223,4.09115547329455,2380.8515678322924,154.7426915570602,90.10873104426541,1373.1090897503864,272.9137851431835,201.71123640785916
GM0534,Hillegom,2015,42.2004178915719,29668.5994131289,0.0780364139202581,0.201336713528463,4.0891372314242,2335.889737167064,155.8905672131551,89.65114252947706,1242.532988506402,271.4880663416759,153.17520862049918
GM0534,Hillegom,2016,42.3745276663826,31113.4839569691,0.0941052919957993,0.224099356193781,4.09247254927901,2542.7145722358787,162.37582139273863,94.83471336256711,1426.5498498646245,277.9284462957566,175.84120148315918
GM0534,Hillegom,2017,42.3910878533883,32148.9070879904,0.101017312154203,0.24375334642156,4.07882191601907,2514.4831727405085,167.81048936926703,99.57399671321818,1400.1398212771933,270.9838788592217,184.5420786687922
GM0534,Hillegom,2018,42.4108938428613,32605.8593884876,0.079460535043113,0.197435330532832,4.08464554277267,2525.5044227155695,174.8092689962654,105.01313062863554,1426.7814156597847,255.11256072282785,201.73201290835067
GM0534,Hillegom,2019,42.4850681852573,34774.0264798916,0.0707723416413908,0.191744692074377,4.05606089929682,2561.3886521340505,178.29778755203054,107.2138053401084,1475.383119511713,257.546484059284,167.74193006814224
GM0534,Hillegom,2020,42.5911181301843,35217.392858753,0.0714849574598719,0.186562582229629,3.91816771233893,2383.89725006617,174.226813729815,107.390342363011,1333.99532824495,244.595967969648,199.007396982264
GM0534,Hillegom,2021,42.7089122427416,36935.8831969056,0.0764497970938604,0.199284374045468,3.92038388753717,,,,,,
GM0534,Hillegom,2022,42.7638094833182,39012.3439892545,0.0759724209704696,0.194224014570053,3.93143879173291,,,,,,
GM0537,Katwijk,2009,37.4772569961674,,0.0839580686149937,0.11569250317662,3.80170009894756,1966.8521297797288,135.31258397498098,80.76423865295335,1035.5437456811892,310.8456114556861,234.75478181622952
GM0537,Katwijk,2010,37.7038028571483,,0.0718360381145015,0.135423415451227,3.85702495929338,1991.9196839470264,141.30571040670756,78.86988992906319,1055.3678408203857,313.38134537291035,221.74194947304352
GM0537,Katwijk,2011,37.8483920212618,27203.4091771075,0.0798958970258533,0.153740024771491,3.95624886713794,2036.9539894915174,155.76345270549578,88.53277863375075,1102.2022655713033,312.4061233905651,212.46081444901634
GM0537,Katwijk,2012,38.1324834025457,27220.215577483,0.0751445086705202,0.150336139733601,3.91377967189075,2093.9279208311164,152.14881245769345,90.33783425194235,1224.4485593585284,282.54035255474406,185.87376964985924
GM0537,Katwijk,2013,38.4212643834507,27460.4010151466,0.0753406400426486,0.154679586684855,3.99832285115304,2233.5348146687893,153.72723072906942,91.73413666335844,1288.6175518565858,264.2634059509252,234.10298251281617
GM0537,Katwijk,2014,38.5068348251954,29688.5257070844,0.0801834890820897,0.171633579741814,3.96429889298893,2158.4250246560277,164.6710889266947,100.72978858700968,1227.2953481856637,258.9716996384208,189.1386508464442
GM0537,Katwijk,2015,38.6465291639252,28912.1103176363,0.0902524319288976,0.187269978467694,3.99546225420544,2304.911673797422,165.1916078927577,100.03195505112444,1230.1156276342674,270.90973317101145,149.09878527019745
GM0537,Katwijk,2016,38.9679322723265,30191.7940599652,0.101125649266576,0.208283194467716,4.01375522062829,2396.208052076642,175.44504396540034,108.71991318688882,1295.5085598151834,273.46552399807985,167.20594481769098
GM0537,Katwijk,2017,39.2161014536822,31412.2630396806,0.0940560236848098,0.194989751764974,4.06228002011245,2441.6479561909787,177.80284514066423,110.06607364502835,1321.4298842526478,269.14427278621736,160.4564264011362
GM0537,Katwijk,2018,39.4418422066665,31818.2625597715,0.0837961844964984,0.179379980680995,4.11241871245022,2530.947543447756,189.34833851135153,120.44806254321854,1379.6082612238768,269.97405946644,182.71032001755935
GM0537,Katwijk,2019,39.705732139727,34318.8319953247,0.0886089254609886,0.187173403808037,4.04264997297784,2514.29745438725,187.87444909989014,117.32969094248018,1398.1941616096838,266.4012122930826,169.2926463766676
GM0537,Katwijk,2020,39.9421088701335,34908.5099830174,0.0819535064275796,0.170401779715425,3.97938892008235,2323.7395675913,183.736030060822,117.342828174055,1245.50429253939,262.41465138853,179.710929731697
GM0537,Katwijk,2021,40.1943182878993,36847.7677500498,0.0729356564358507,0.160141657451959,4.02740613860469,,,,,,
GM0537,Katwijk,2022,40.3549744844141,38906.4682341094,0.0817852120494412,0.17097180075494,4.08238986660688,,,,,,
GM0546,Leiden,2009,37.3688252246798,,0.142232910773244,0.232250438185301,3.72753832237244,1961.9761809513336,132.22852380865942,78.3961688376111,1011.3644055450625,296.99289603424177,293.9870456979964
GM0546,Leiden,2010,37.4389820165772,,0.129675891643814,0.270109283836896,3.7767120962266,1990.9726482062683,134.21568517889025,72.71706704173421,1006.864186101785,300.75797866256994,318.63782203303083
GM0546,Leiden,2011,37.5309613869664,26542.2243885516,0.124308382284837,0.287347356618812,3.82107980693681,1977.7128262749973,150.36128550862836,84.20809991039356,1001.2955426162744,291.494921596252,308.6803965249486
GM0546,Leiden,2012,37.6016580920247,26605.5163720561,0.127927898851836,0.304557960899489,3.77885334130662,1894.3132473020619,145.5872629373805,85.26107304626595,1048.9221813366419,249.5032949078397,235.31508232079932
GM0546,Leiden,2013,37.6598968425314,26805.5245808712,0.124448247185261,0.309485350562948,3.77067247742244,2039.6543332133874,144.97976918032475,84.41534942343364,1110.6500475805099,233.6477287971339,299.66670530124503
GM0546,Leiden,2014,37.7725702114361,28151.7049372873,0.125586807686483,0.319406696581571,3.80963067209311,2038.3426044831556,155.86833654139932,93.26614064819431,1118.3046503757496,234.4850708873133,276.8263871224718
GM0546,Leiden,2015,37.8401806146415,28270.7061325741,0.135100700352154,0.330028093222016,3.81754545569412,2131.0039862693507,154.7059756049747,90.53189588895866,1053.0137796046122,254.14137547684876,251.89424939491064
GM0546,Leiden,2016,37.9319940868087,28972.4014725796,0.142692560895326,0.353623938054484,3.7995723808326,2238.510549535648,163.410622988289,98.1031628587147,1128.8174849367444,246.46488396689668,257.3180251759892
GM0546,Leiden,2017,38.0954674412538,29861.2318005727,0.133905599476072,0.340420389515211,3.81952010540452,2279.3266872031545,167.90377236988886,101.6199491916841,1159.309396272187,242.58744776630388,257.59162569856534
GM0546,Leiden,2018,38.3104198945867,30067.0119421905,0.123874749296475,0.319625616069902,3.81517460954148,2329.3513970124645,174.40331497606144,106.2309560983036,1172.9040706943956,242.26399663020038,286.02996439028135
GM0546,Leiden,2019,38.5359135104204,32099.6932796955,0.118697242434361,0.307680957964791,3.75851240297317,2385.8637060108235,179.90410367642625,109.43225286943553,1199.3271405145595,250.1330602835307,305.29338887790954
GM0546,Leiden,2020,38.8136424893424,33283.4946784978,0.132986574822521,0.326257585342424,3.69181486217488,2231.80019875628,176.331930948142,109.771913745762,1096.28573501857,249.802054676139,306.695887094169
GM0546,Leiden,2021,38.938768209133,34835.8223641058,0.129349517584812,0.310449735449735,3.71474504414567,,,,,,
GM0546,Leiden,2022,38.9970736594667,36187.0659873327,0.122087454889551,0.293311777370837,3.74382036685642,,,,,,
GM0547,Leiderdorp,2009,40.5385952962917,,0.0764416132735825,0.109477426761972,4.06550353584886,2189.4987708753533,134.8040309505452,80.1856897392003,1212.836270371735,344.9111746519597,256.16062910848905
GM0547,Leiderdorp,2010,40.8371214786967,,0.0778590596625372,0.139359629452634,4.09927595349786,2112.896080056769,136.9726760348087,73.14815685337923,1193.0793550471942,339.65447977362857,199.04148304040012
GM0547,Leiderdorp,2011,41.2258453754077,29737.9507606985,0.0796067353901464,0.153417220000734,4.16048494811466,2220.896602740547,153.18468892047053,84.29237845956796,1237.3767260320901,338.32795648965026,248.30479977358684
GM0547,Leiderdorp,2012,41.5946225585409,29988.2789146241,0.074950473255558,0.161163695062,4.13304365818332,2147.833453601797,152.71848724387635,89.37679978681477,1278.5642542974417,292.4569815493096,189.3697736802342
GM0547,Leiderdorp,2013,41.8749578523262,30298.5953040743,0.0695161703842069,0.154451891733509,4.08954116774399,2309.86133996435,146.66021773981402,82.97552775573112,1370.1226466685694,264.6574228398201,224.5952396085125
GM0547,Leiderdorp,2014,42.2409804910004,31824.3440755816,0.0744987766132272,0.169484716795092,4.09456452638271,2189.691627135526,156.23765159408114,90.54690084498299,1281.162570904908,257.85981144059974,216.76805284107928
GM0547,Leiderdorp,2015,42.4662039497143,31800.3455593398,0.07564831002331,0.171547202797203,4.16775495036365,2377.410252509402,157.3769608736614,90.15130745854718,1313.281637278655,271.3806611585104,160.23640879091752
GM0547,Leiderdorp,2016,42.63321693074,32928.1570940932,0.096107275815954,0.206816785339936,4.17552514322088,2447.467309659454,169.4267570367784,100.91276511440456,1321.7178461147575,270.50268887214025,162.6089470226753
GM0547,Leiderdorp,2017,42.8612515287924,33457.7563369369,0.0934256055363322,0.199502595155709,4.1880933226066,2604.0438983865547,172.9128777024764,103.22242076828229,1422.5676559696878,267.5625269285366,193.74569467658324
GM0547,Leiderdorp,2018,43.114565266075,34126.0420388278,0.0805116900950385,0.182560618653561,4.17163939685595,2671.161326497631,180.70627749261652,109.72689857818766,1455.007165012471,262.8563491137604,194.31261619314705
GM0547,Leiderdorp,2019,43.2947201778254,36235.9329272822,0.0796730245231608,0.186012715712988,4.13075376338243,2659.038458901477,186.80329696830435,114.33230202845246,1463.6733645979737,268.8807727217319,179.85055865658833
GM0547,Leiderdorp,2020,43.4030192861666,36799.3208052215,0.0980968424070822,0.207340238701122,3.97696704774714,2459.32989546409,181.140417781957,112.065188092311,1310.02527635101,277.850781668233,175.67709867612
GM0547,Leiderdorp,2021,43.4884316478733,38439.0062091384,0.0871274390679723,0.200271603173469,4.05973881633787,,,,,,
GM0547,Leiderdorp,2022,43.4582376061824,40315.0308414958,0.0833362910381544,0.190523513753327,4.10920945395273,,,,,,
GM0553,Lisse,2009,40.4326728707038,,0.0751889553934204,0.110183931145965,3.68019625334523,1848.401331291558,131.76733421981484,76.9969173059069,991.9198883698148,319.45262600028354,143.9813354574121
GM0553,Lisse,2010,40.5759520725846,,0.0829825616355983,0.148526758869513,3.75297001697153,1964.7936100060392,132.68981081779643,69.72258770224978,1033.615379521076,318.22024700321845,218.51060024855715
GM0553,Lisse,2011,40.9098526485033,28551.4078661162,0.0744501577150758,0.139178153221276,3.87836369447108,2024.5187764152345,148.29925482567378,80.24184647156262,1109.7513497868406,312.8783662461872,188.6086294325437
GM0553,Lisse,2012,41.3078742070699,29170.4400196657,0.0620327868852459,0.131584699453552,3.82012578616352,1911.9957482976247,144.92514708017546,82.12757541317349,1078.9901687389408,264.7410029052912,164.57781723700361
GM0553,Lisse,2013,41.6724217908605,29081.9553332142,0.0709092501751927,0.150052557813595,3.84392292819521,2121.878334133526,144.38627008313208,81.19610848757928,1227.0716269492084,237.14358610740985,189.74558587498257
GM0553,Lisse,2014,41.9008442076175,30690.6722528449,0.0755234405606582,0.165324511382928,3.86305431998922,2120.9706058600323,159.06867880514267,93.47645864156279,1257.2482936239805,242.97178018737046,158.18845854346986
GM0553,Lisse,2015,42.2030376047038,30475.2348391089,0.0800190418487904,0.174449301077596,3.90093959731544,2295.772826024586,163.51003253956796,96.18837754197143,1235.1328916945613,261.024936795515,142.22648996083436
GM0553,Lisse,2016,42.5131297307639,31543.8308885071,0.0855960693043703,0.185802948021722,3.93619003260363,2418.80975249913,173.2211518375266,104.64619368685292,1327.5971364652034,267.7983483370609,154.77504600554974
GM0553,Lisse,2017,42.745967526702,32889.769666374,0.088626101913567,0.200860030101054,3.9994712841187,2432.2273353712144,172.81507398667046,103.13405116683178,1318.0024142798509,264.433011918926,157.44004250169746
GM0553,Lisse,2018,43.0626769308206,33076.670521244,0.0824759945130315,0.188614540466392,4.05365281937752,2623.97042437697,186.45367942428075,115.2182945394012,1449.0826161814668,266.3523977489345,183.9853780980747
GM0553,Lisse,2019,43.3101480597599,36192.774399301,0.0810706967213115,0.186603483606557,3.98531147540984,2499.629868665687,185.51479033852056,112.77127139096199,1334.996128536083,261.3693579542432,196.88326432405648
GM0553,Lisse,2020,43.6006317138686,35836.1694863654,0.079290647113991,0.182496376502686,3.93209163211203,2340.69757973004,185.144079343247,116.018091635863,1202.84362159374,268.08580933551,199.049690965357
GM0553,Lisse,2021,43.7667941873826,37558.4053185018,0.0743041961017959,0.173589241637586,3.95657142857143,,,,,,
GM0553,Lisse,2022,43.9002408411399,39517.532911557,0.068545508001176,0.166113654500399,3.98098143580423,,,,,,
GM0569,Nieuwkoop,2009,39.2167949235921,,0.0692170883089543,0.0967659976044427,3.62788254451857,1898.4291990657923,138.6792536093547,84.48918128954804,1087.4209252550263,277.9103694775996,171.56493394154754
GM0569,Nieuwkoop,2010,39.6765506680779,,0.0640951276102088,0.118909512761021,3.67607024106401,1890.7679982351183,137.1969257893301,74.72090070888035,1083.087248366349,284.55516916810603,154.35035160152958
GM0569,Nieuwkoop,2011,40.0632166349911,29738.3395269645,0.0832728592162554,0.15899854862119,3.75693337583679,1939.9459243566373,152.58842999981894,85.39293791247364,1118.6777380774838,280.5626697602391,158.65711621414832
GM0569,Nieuwkoop,2012,40.5359907754095,30358.6059923156,0.0661735378367599,0.142717284890678,3.69625889124179,1910.970023749049,149.17385330860114,87.39120944051106,1131.5381019527588,247.5302458353486,153.46109037326434
GM0569,Nieuwkoop,2013,40.8834944446688,30395.8166087407,0.0632190165124297,0.141789148974778,3.70560798946444,2057.1068778217236,146.72855219903593,84.6588821047851,1258.3480837817096,231.09364275615548,159.7270726228125
GM0569,Nieuwkoop,2014,41.216460536253,32775.5875148017,0.0659515871865488,0.150420350775475,3.70758605324719,2094.2869072817866,156.39470645206984,92.44447561128847,1300.5451806468093,225.29389412207385,149.4317064234915
GM0569,Nieuwkoop,2015,41.5743430802159,32996.0099529695,0.080781735681875,0.179177534031227,3.78938986215608,2065.625880394223,154.16648213061364,88.45953342859228,1186.9915314930197,230.839522102365,109.22090639761022
GM0569,Nieuwkoop,2016,41.7137012029702,32960.9668611771,0.0812150617023521,0.182153781246704,3.7924386848024,2199.1960079497376,168.61851123110603,101.65272527716843,1266.7571840877517,239.12910249412454,112.77188302734316
GM0569,Nieuwkoop,2017,41.9177972476459,35236.33055388,0.0845060634490427,0.192883699920081,3.79380672717565,2191.4997774131243,172.88525094188174,104.80298265426013,1264.3696273117641,248.6234369510706,92.94403076637663
GM0569,Nieuwkoop,2018,42.1336443140786,34935.7631994387,0.0725795392210642,0.171146461876029,3.8166104334285,2229.389006897174,178.16579147250752,109.06327770966884,1253.6938360518634,244.59237760429286,125.29717790317348
GM0569,Nieuwkoop,2019,42.3383663536957,38456.1169342201,0.0736394557823129,0.175034013605442,3.78999582289056,2264.733826477484,183.9827005407627,113.6798714697438,1257.0876896210884,245.30237453352285,144.21156668145474
GM0569,Nieuwkoop,2020,42.4745019855918,38462.9364637083,0.0800470667339049,0.190922844175492,3.71051210025929,2194.63388965844,178.918117166122,112.341112199737,1198.66960775702,244.958345552213,159.640542248049
GM0569,Nieuwkoop,2021,42.6549777842565,39371.0610336678,0.063493127723768,0.156386188400939,3.73258343502945,,,,,,
GM0569,Nieuwkoop,2022,42.9080282645266,41515.6070928286,0.0608762183560094,0.147666411629686,3.79343549389107,,,,,,
GM0575,Noordwijk,2009,40.7502328212828,,0.107801654464201,0.153251877911952,3.81156384204462,2043.9518151606844,141.62056338368734,87.87067786833276,1104.6632324756156,305.47896191997376,222.65185137824997
GM0575,Noordwijk,2010,41.170941340006,,0.0925767918088737,0.172520857034509,3.90016984990814,2092.961078777643,141.76243534899479,79.8416346271207,1090.8193747142811,312.7921408026563,269.70016688926256
GM0575,Noordwijk,2011,41.4713898599036,29879.9992650301,0.0924642907986523,0.181488160205002,3.96885084888452,2062.2958709955537,151.7042361889793,84.7580385305287,1089.6332982106378,307.42838193279096,234.34160873333587
GM0575,Noordwijk,2012,41.7110028595372,30479.1294492867,0.0924228825168879,0.188884689876707,3.94573205200678,2073.5776330176354,150.84022374502032,89.44157538937283,1185.554692426362,263.15127740351414,206.511418482119
GM0575,Noordwijk,2013,41.9412030233642,30101.1927384437,0.108061104582844,0.214453584018801,3.97205945405174,2143.985968146217,150.89463170982296,89.06368747084458,1207.6840800096304,245.8032802768467,239.45411187167502
GM0575,Noordwijk,2014,42.2416040638602,32927.6230750605,0.089095650948051,0.203590141209088,3.94018034649247,2107.3552362791806,160.76963359160334,96.84120939837736,1194.7902177059946,235.24726743197667,201.47664835130496
GM0575,Noordwijk,2015,42.4442830098847,32172.8169641782,0.103641849694758,0.222721212546488,3.98553499255478,2256.0448426259936,163.06960243409378,97.41205155718228,1153.7027540235001,242.02725717228137,190.20358787278093
GM0575,Noordwijk,2016,42.6628151645409,33706.3742677422,0.101284344009104,0.222147386023179,3.96548313018901,2398.1345358531576,170.75796674645684,103.97856376987654,1275.3390485671632,247.88129782799575,194.66492107370843
GM0575,Noordwijk,2017,42.7953547279477,35633.5406874614,0.10948670944088,0.240077910174152,4.00516046939064,2496.5770654733283,176.6481907689454,109.18210468195122,1342.3026399495945,255.01576326313995,176.31648542079594
GM0575,Noordwijk,2018,43.1338162032774,35953.1854070697,0.462427345696097,0.688670541562875,4.03537183038568,2542.508754131143,187.40629965010396,118.72040777811559,1376.9213176970693,244.47831976749163,200.1024255591418
GM0575,Noordwijk,2019,43.1813130358745,40819.6429234123,0.103454471946453,0.207335699204887,3.95695664296668,2475.5619698819937,184.66084240472387,114.89128832159491,1359.0781073760536,240.47610612296464,183.03721950070224
GM0575,Noordwijk,2020,43.4148971366282,39100.0920434326,0.113231411010274,0.228837064814609,3.86646766884845,2350.13934480046,179.379459021924,113.225319168072,1266.5689297358,239.531353119732,203.528709836987
GM0575,Noordwijk,2021,43.5932321033903,40242.2015234986,0.10325967094526,0.211503683119404,3.89535171002012,,,,,,
GM0575,Noordwijk,2022,43.648753618397,42069.7031933607,0.0925147364771151,0.202994972260749,3.93744844652186,,,,,,
GM0579,Oegstgeest,2009,39.936610857956,,0.105638586956522,0.166610054347826,3.76957523029683,2073.3793657570964,128.01032477201076,74.58223492367513,1027.4716298190613,301.9857740000914,372.77290636492
GM0579,Oegstgeest,2010,40.3359174848145,,0.096519189085809,0.198265969654469,3.82542633670983,2080.4460641058986,131.05692985506687,68.5667674496802,1045.0734167753526,309.7986687657965,348.0313989529203
GM0579,Oegstgeest,2011,40.6652295957682,36023.1782612549,0.110866248516698,0.212959823698932,3.84323421745553,2071.310894956245,149.66715578170005,81.50909892793821,1009.9296108667444,297.3733989777176,373.5465923353308
GM0579,Oegstgeest,2012,40.8740453026468,36117.9551465097,0.103794595957474,0.221204353489936,3.77143413873733,2084.233933221244,151.1134085425277,88.46508960067193,1166.8260970501724,257.4272407605475,271.7870417483562
GM0579,Oegstgeest,2013,41.3830127972463,36386.6432482558,0.0988964346349745,0.21383701188455,3.79912169805044,2103.774921516254,154.01098290625325,90.97021775350791,1129.4827389801887,236.77004709475264,295.60618415354776
GM0579,Oegstgeest,2014,41.5107771076231,39849.1244840608,0.0999618466234262,0.214421976344907,3.77315392189038,2047.2807828067052,162.00124458120771,97.01443587147868,1094.3690615040007,231.9001968952762,263.238919317485
GM0579,Oegstgeest,2015,41.5892430726218,38560.7014606497,0.0991119902361012,0.215900004208577,3.80329495831679,2211.7666637600023,162.0022669253464,95.64430083744752,1122.1480029382922,234.19282447531518,228.955791367857
GM0579,Oegstgeest,2016,41.5598261399863,39954.3737196246,0.116109824677473,0.244004300363877,3.78518373729476,2336.438449645819,170.78726677045282,103.07797270684341,1193.7839381109197,244.38541837183755,267.07410597658566
GM0579,Oegstgeest,2017,41.7555599951734,41559.2432627424,0.104000327560087,0.23162592638087,3.79226016260163,2565.9215421625267,169.88051561532373,101.41212502977884,1305.7693500938044,242.12511291496415,329.42850618593405
GM0579,Oegstgeest,2018,41.6535382285564,41588.7122361819,0.106592259515015,0.228119479685242,3.7408656906429,2565.216148355399,181.4570567171163,111.3572307180721,1289.2580948182906,243.5442083722293,337.83747113890587
GM0579,Oegstgeest,2019,41.6613319234224,45839.1238468446,0.0976485441489781,0.211315394934112,3.71746272428608,2579.1195148433917,182.36172033177684,111.30903204478527,1292.261776574072,248.72246811738785,336.0601744109369
GM0579,Oegstgeest,2020,41.6526019417732,45495.3416703526,0.104048046174245,0.225801419546057,3.58312590069435,2398.19101322286,173.995557591208,105.990412617492,1139.56394097499,237.197719850249,391.946616616217
GM0579,Oegstgeest,2021,41.7437781889722,48661.3659009901,0.0958030948815421,0.210152440195062,3.60612271038811,,,,,,
GM0579,Oegstgeest,2022,41.852991841963,50579.4188734513,0.0833997949185371,0.188523033686529,3.64952630266766,,,,,,
GM0603,Rijswijk,2009,44.1838126339743,,0.109901031098596,0.160400016563833,4.36681384418174,2490.3627302999316,130.31710263476475,76.02136538022513,1408.4778377057544,406.64376265596815,267.70059396964285
GM0603,Rijswijk,2010,44.1697381002892,,0.105750507519576,0.19314744997307,4.46025092752556,2516.3441508328856,128.68671285883565,63.76507974942173,1442.9227175141525,410.0585160421424,251.04252769102433
GM0603,Rijswijk,2011,44.1172198448733,27658.9981239874,0.10990074543882,0.213685597792513,4.54749464668094,2586.720881818038,139.8395290663541,70.69424486069974,1467.1785171053368,402.169163151494,279.2338920004426
GM0603,Rijswijk,2012,44.1048552762667,27757.9143915344,0.109410488837961,0.219844079310839,4.48328909438593,2484.811759629691,133.6403053403011,69.91717735504977,1502.3882491744118,348.26712189845153,216.60086888321032
GM0603,Rijswijk,2013,44.0406524371208,27931.8862241226,0.100499324683829,0.21532353783817,4.46517694113555,2575.444002241725,134.8195363380372,70.80521563806502,1487.264640373932,319.1819171737428,275.5329432708374
GM0603,Rijswijk,2014,43.8809945879073,29149.2274050646,0.110015557755642,0.240599680762936,4.47456064534716,2545.7298454002007,142.45183984946868,76.73097276626413,1475.647631069428,312.8627105903853,234.25457289029418
GM0603,Rijswijk,2015,43.6242953205122,29088.5187909836,0.120240916271722,0.254048183254344,4.45209123323335,2721.43368178553,143.59995606481067,76.39336275750365,1447.5450008722435,317.19977902127295,223.11266484721514
GM0603,Rijswijk,2016,43.050529586837,30128.7948282408,0.134845415981962,0.281939083578553,4.44666095653856,2842.2999969869124,151.65564166361708,83.47915689039046,1539.9693407485004,326.929940000104,236.06787675938116
GM0603,Rijswijk,2017,42.787486882945,30859.8804222461,0.12127727196246,0.262726915814466,4.42712933753943,2835.5786781480056,153.69397126518368,85.61932461653096,1530.4821080657343,309.4012103334864,211.47972085676085
GM0603,Rijswijk,2018,42.3881377227706,31541.8134642891,0.11950178714713,0.25390254577285,4.43223306160631,2931.3823160695906,164.67553420580728,103.19833849190091,1579.1048478632151,309.24508082766005,255.69130274299806
GM0603,Rijswijk,2019,42.2079169013581,33277.8380743161,0.109791912897103,0.238243615916335,4.36705632306057,2962.0452443696945,174.32036977336796,110.40618279869157,1598.4636953674321,319.18850777130166,245.17863089552387
GM0603,Rijswijk,2020,42.0887103907205,34002.2545869449,0.116552053317305,0.245054537097601,4.23421990677269,2661.17150670532,169.429846321128,106.185964842335,1381.11877147518,317.326159659299,237.020574121058
GM0603,Rijswijk,2021,41.6848310376952,35399.3535454594,0.130407276955169,0.265943986595083,4.19766766925228,,,,,,
GM0603,Rijswijk,2022,41.481335441533,37199.0394097345,0.10337634372424,0.224517605100685,4.20243515628997,,,,,,
GM0626,Voorschoten,2009,41.5621050749461,,0.112303468929374,0.150736211629648,3.94949018683326,2076.3147029607553,138.94884097870073,84.18486860782808,1171.313254853865,340.0918097047394,174.76183601682132
GM0626,Voorschoten,2010,41.5869823274329,,0.11675085546684,0.187102818966922,3.95965833669995,2165.243719730875,140.70579145705935,76.23752776068243,1201.143383334826,340.30301051573764,233.91670462547484
GM0626,Voorschoten,2011,41.764494888994,33206.9858352261,0.0963773069036227,0.173334405532548,4.02293235243405,2102.563627709609,151.73213251783574,82.43230372832546,1164.37134309031,327.0304153973603,210.87916328790442
GM0626,Voorschoten,2012,41.8626023867242,33165.2093638139,0.0959257349149046,0.186892529852819,3.97012560823809,2101.002157112564,147.10413006516697,83.4269110887066,1262.307959000426,280.69759435701525,173.19194032064448
GM0626,Voorschoten,2013,41.9963650533729,33177.0562845722,0.083473960990542,0.174914642282485,3.99359157750186,2190.9969304520746,143.64199493697515,79.9100121773022,1306.4523938518323,258.6293384331154,199.99242373951503
GM0626,Voorschoten,2014,42.1840110145305,35465.8207155406,0.0869413000350099,0.186680670634458,4.03394479684553,2207.349323546128,153.68207591118235,87.79484218822495,1296.3630462433946,253.68415963476605,197.9279361688812
GM0626,Voorschoten,2015,42.4548470938239,34708.6946141254,0.0891331365542955,0.187898089171975,4.06450876291602,2270.9673409910256,159.8104955644001,92.292611657954,1242.305615649944,259.4619152797164,153.03524196267395
GM0626,Voorschoten,2016,42.6373154900087,36248.1967734245,0.10211349384532,0.214871874274212,4.10560662807854,2484.3464078335815,172.45182841424878,103.52295206734301,1375.9414350968823,278.870526287651,155.93485600454227
GM0626,Voorschoten,2017,42.8361046941634,37402.3722051039,0.0915460425007699,0.201262704034493,4.15322122486081,2574.0684652351447,188.09122180050767,118.10024855557678,1396.2161361082506,291.3434505281539,157.59103662447055
GM0626,Voorschoten,2018,43.0335428142144,37192.1635839064,0.0876983974482149,0.190730563775412,4.17162070524412,2563.4116877054894,194.43793073524733,122.57169614080712,1365.6996288946048,293.9415298522372,169.9501150280284
GM0626,Voorschoten,2019,43.1116625926453,40059.5750770934,0.0838957055214724,0.188496932515337,4.17722241241584,2566.1923316514494,199.9812944896266,126.92825313994881,1363.135934392123,292.08420660516606,185.49784709345553
GM0626,Voorschoten,2020,43.2791269374637,41118.3767050592,0.0865689912398148,0.189281205768716,4.04196550293403,2378.97124848771,196.521262537563,126.651681301954,1228.88028372945,290.71323108145,172.916878195371
GM0626,Voorschoten,2021,43.3712654476072,43016.1554271791,0.079755538579068,0.17681436210848,4.04563829163981,,,,,,
GM0626,Voorschoten,2022,43.5841074378639,45054.4264694217,0.0823457683953816,0.178866745417826,4.10934176487496,,,,,,
GM0629,Wassenaar,2009,43.4560786335345,,0.111266671579102,0.148588902807457,4.06959019109687,2191.2754113134765,144.0749567682163,90.0022158633939,1240.0631629356944,347.17747870017223,202.57392410135537
GM0629,Wassenaar,2010,43.6377149735943,,0.115558995908437,0.176195215452099,4.15585280568352,2266.645015064756,139.8075856428211,75.25997183084324,1281.3000931543786,352.07468988610844,215.36899658901
GM0629,Wassenaar,2011,43.8311869845296,46237.0782300885,0.108897693190654,0.187840189580479,4.23061896522855,2345.5191951022657,146.16797144035718,77.44821854670515,1341.3613886634705,349.8078592668105,204.46946613053692
GM0629,Wassenaar,2012,44.0776399025997,47943.254274441,0.10379689957313,0.186886841908185,4.23276106294974,2332.649977609438,131.17973915967974,67.55404961410896,1464.1706149514862,289.56929277134117,170.63981346325443
GM0629,Wassenaar,2013,44.2013164124533,45729.325619439,0.103599714725423,0.191847152884651,4.20755803905755,2375.8831400722156,129.84114682721093,66.09766875130785,1497.3000866393006,265.41319388239845,186.52978656173707
GM0629,Wassenaar,2014,44.3807834015569,52013.6687279502,0.115747324302073,0.215852106878228,4.21815757435214,2414.593968044225,146.2708609850254,80.37586517960548,1503.1860344121385,269.94034057759006,175.79056241121953
GM0629,Wassenaar,2015,44.2903500702782,48948.4103244721,0.115953916707058,0.216584019984341,4.21969873890705,2529.2817677873563,150.18996369510737,82.61030246988116,1416.025088865037,277.6352894001651,154.17749413675492
GM0629,Wassenaar,2016,44.4292675791687,51863.6788780314,0.112753472480131,0.215739434004308,4.23739532704808,2635.185918930502,157.36462927549456,88.7021433059505,1513.6837010669499,265.58470482767166,146.86368222263025
GM0629,Wassenaar,2017,44.4479607281844,55209.4717515235,0.10855128918568,0.222852902986459,4.23616151143367,2713.024010875981,162.05696903755918,92.4154090488619,1545.0036380707475,274.03155533777135,162.19324821430942
GM0629,Wassenaar,2018,44.5760959563934,53311.1713994751,0.101259259259259,0.206185185185185,4.28901366056958,2769.722195684247,170.07552252747453,98.10933555678255,1560.802127563287,274.2986574581141,186.611867511275
GM0629,Wassenaar,2019,44.7383391523309,63520.9115351596,0.109529268202492,0.220796509263026,4.2494788047255,2759.830339293654,179.6799464121016,106.19588020182567,1474.7547997542179,285.06058655173973,200.0922060228124
GM0629,Wassenaar,2020,44.7577160534151,56011.3100131345,0.112270297972033,0.230141298777363,4.11109785202864,2650.24129348452,172.82764943302,101.167167787815,1453.838469729,269.564515087451,221.961391120507
GM0629,Wassenaar,2021,44.8391509094297,58966.6375205411,0.111884580703336,0.224454463480613,4.1207282583078,,,,,,
GM0629,Wassenaar,2022,44.83898115079,61283.4933531406,0.106681961571551,0.208560367077717,4.17047431288415,,,,,,
GM0637,Zoetermeer,2009,38.3388715495357,,0.102260900196948,0.14935231293933,3.8646345131856,2080.725332294431,133.97429056409484,79.09153615708028,1094.0814826290673,341.53329719301365,258.60711518572487
GM0637,Zoetermeer,2010,38.6570270149071,,0.0969506740783337,0.18125838604562,3.95924216770138,2127.1197802885295,134.55512397138193,71.5147136569715,1144.2546896465287,338.9438721857107,244.20419714202816
GM0637,Zoetermeer,2011,38.9323025368486,27279.0216345563,0.0876032529677739,0.183730367956031,4.03902618466375,2263.9369256956993,145.2026514534763,77.47489144991607,1230.555690116963,334.39651905729625,262.3684427953111
GM0637,Zoetermeer,2012,39.2011493944597,27171.0276370861,0.0936471074774531,0.204305778682658,3.96651215907564,2240.423313505355,137.32814040889502,75.64966711539786,1306.5397193438894,284.42640259933745,227.80983974215795
GM0637,Zoetermeer,2013,39.5343976343921,27377.3553401995,0.0901562041828801,0.203715297865764,3.94440190622036,2323.127110322802,135.24764245759764,73.30823443725816,1338.8234153303836,258.23151235033475,269.58134456128215
GM0637,Zoetermeer,2014,39.7839607637352,28483.9665218482,0.0868139768211659,0.201602136181575,3.96488738534193,2276.045310459057,145.06489660719,81.07135837329038,1298.0458304253777,260.8868802464747,236.81642955839783
GM0637,Zoetermeer,2015,40.0675068195809,28654.1676612329,0.0929012199548633,0.217398166122185,4.04718487728081,2338.649289546046,150.43180526925948,84.80429813025017,1293.0556277107523,276.31025287927133,198.79402461211413
GM0637,Zoetermeer,2016,40.2646647456265,29737.7154080203,0.104713889193809,0.238195675014505,4.10201656746365,2505.0022060523893,156.49236913417656,89.61023958273904,1392.8042891935581,293.5925695528195,211.68503417601582
GM0637,Zoetermeer,2017,40.5321271854703,30522.4851519365,0.0974537346011008,0.224947590744565,4.15715108596212,2579.6400310434688,154.0013273554168,86.11247523032223,1426.6078869415553,294.1706223444805,202.76982328473352
GM0637,Zoetermeer,2018,40.7699595754381,30798.8465458982,0.0912263640427584,0.21467056710612,4.22616377998896,2697.4173430803135,162.71932317563204,93.64623670836032,1449.9520617292221,303.61686844194804,248.96920178755872
GM0637,Zoetermeer,2019,41.0050627087563,32589.9956778216,0.0948190905251302,0.215378478577127,4.15117028858445,2698.04886632037,169.00275240080046,97.41373494243621,1453.6023870866347,303.1345147897384,239.46619447936854
GM0637,Zoetermeer,2020,41.2620703803627,33747.7256637168,0.0888756804104361,0.20584370894075,4.08116037270871,2561.17437863578,165.522543865864,95.368199079,1332.28882087613,308.090362104932,249.756384460977
GM0637,Zoetermeer,2021,41.3730059703299,34926.8038820086,0.0898725687458082,0.203156926052439,4.10375030412568,,,,,,
GM0637,Zoetermeer,2022,41.4188167513645,36683.3922625188,0.0850939102934938,0.195441397662849,4.15445261113068,,,,,,
GM0638,Zoeterwoude,2009,40.4353299772233,,0.0761513356702526,0.106732745074338,3.63652513767987,1916.5607484482646,135.42170255178684,82.94780568272728,1060.615952411136,282.97024252374666,212.919891021619
GM0638,Zoeterwoude,2010,40.765793150785,,0.0700120918984281,0.127569528415961,3.65820791039552,1909.8271730125634,135.4609520708496,75.09031145622644,1049.8087977111832,297.94858355313653,202.49496006692408
GM0638,Zoeterwoude,2011,41.0947509360757,30043.7101965602,0.0645549801276647,0.12296760207154,3.76474756421612,1926.3271171712443,156.54410311420926,89.51025702008722,1056.637538701828,284.0585435367719,205.07193662826953
GM0638,Zoeterwoude,2012,41.6117033408851,30173.8875892637,0.0682755275284987,0.143948581130245,3.67798446812353,1830.7427736001034,151.54139192724983,90.0903250634079,1087.3546389384724,251.122802124019,120.8971200535415
GM0638,Zoeterwoude,2013,41.9653076996286,30833.53531873,0.09475855374909,0.17192429022082,3.75989782886335,2088.29624441972,155.33050640614576,94.1301482374985,1261.2066155227603,225.6760632302486,193.73589269255314
GM0638,Zoeterwoude,2014,42.2340106230921,32229.116990953,0.0796740055954264,0.169322466853181,3.73158482142857,2017.815231325836,161.21145721286533,97.9985396968679,1215.8935341335246,225.12333938832472,158.56903435789457
GM0638,Zoeterwoude,2015,42.6618138510157,31827.1884739055,0.065312576015568,0.148382388713208,3.81261630070711,2152.3539699070193,165.5933501123875,101.29824147471341,1226.9889180210098,234.26472243989735,166.52351719960885
GM0638,Zoeterwoude,2016,42.3461240286406,32948.6597405717,0.110469909315746,0.211400306206572,3.7794981313401,2139.7113544227395,177.94434924457278,111.9930156157149,1207.2413024504076,237.17579472554613,134.55120951450346
GM0638,Zoeterwoude,2017,42.4711959785061,34167.7408863474,0.105509416306001,0.211369750848052,3.77178796046721,2246.1766531231165,187.05202823603236,119.77554542657289,1274.1079547987993,239.45172797822164,150.63919224341427
GM0638,Zoeterwoude,2018,42.7765073031348,34534.8556688805,0.071070721193056,0.159035302341839,3.75302061122957,2283.311942704413,192.32322501114072,123.93063177242293,1300.156052824052,244.27535211361425,153.07501594262968
GM0638,Zoeterwoude,2019,42.762037764055,37955.6167601683,0.0922602034983423,0.193323425174346,3.74267968056788,2279.13514860438,186.61081949029142,117.3074297817994,1316.390317358245,234.47090887956867,127.9304608447879
GM0638,Zoeterwoude,2020,42.6831941451733,38240.9736153759,0.102270198085911,0.212552860004451,3.72694130514036,2185.01088567909,183.317426939873,117.973098197291,1236.56315306237,220.53726794312,170.304481021162
GM0638,Zoeterwoude,2021,42.691859253988,39806.210663199,0.137693449226203,0.255246979012084,3.73861691201643,,,,,,
GM0638,Zoeterwoude,2022,42.791684836994,41215.1944891176,0.0689439047320589,0.156272850726,3.75909391534392,,,,,,
GM1525,Teylingen,2009,39.0110037706867,,0.0966941247067809,0.137635699088975,3.66056942277691,1793.006672532905,142.51825176410003,88.2355341730487,949.0039024912489,307.2869307619195,145.09219021665294
GM1525,Teylingen,2010,39.1922431085881,,0.0866060242932622,0.155237213355847,3.71315656270685,1873.5893513612903,141.9170345446261,79.02893384671945,959.7846616442467,298.6304646205584,225.10471551205254
GM1525,Teylingen,2011,39.5822244556394,32761.1900067219,0.0787237541801436,0.151444547996272,3.79828309201677,1854.4356901731353,157.95061184037914,90.0120387137965,966.6749209029762,298.8650804911377,184.12340378994082
GM1525,Teylingen,2012,39.8539248758704,32577.0947118075,0.0834039760452843,0.164921108042331,3.73047393174418,1901.3242773959173,154.3157936882397,92.14758941899181,1065.825760275039,245.62606004662712,187.91805599830505
GM1525,Teylingen,2013,40.2285308107953,32002.0363147276,0.0801129200241188,0.17469714411007,3.77479067476605,2036.5638738877587,153.8209580005082,91.111228496369,1115.13340971581,230.988627993279,237.74794868762862
GM1525,Teylingen,2014,40.6072734849115,34668.5910409917,0.0741872436479753,0.172048338701242,3.78805610889774,2079.4789552404804,163.1000655035805,98.35151818170579,1147.1255336654838,232.82898697554117,231.8412230831481
GM1525,Teylingen,2015,41.0289196313756,34023.0030677413,0.0996621621621622,0.215862031386225,3.83481393539935,2077.093703382781,165.22692529132456,98.9789694882459,1099.530631531218,240.52293085722542,152.22255454652358
GM1525,Teylingen,2016,41.3171485417874,35069.6410542463,0.0894231553754521,0.206423889689684,3.85554652580252,2172.6768999375,174.07880603481527,106.77348290002584,1180.8966470696625,246.09771779769582,141.0060388589285
GM1525,Teylingen,2017,41.3925525827147,36710.1210703078,0.101160951282945,0.22159959246052,3.85425801520576,2248.568113284902,173.05672759566357,104.85173235775413,1229.390560202225,246.82173820963578,161.33559853128278
GM1525,Teylingen,2018,41.5764428802682,37107.9135725344,0.091463576334562,0.20493781325413,3.87757382282522,2257.3376759028392,186.07700599188775,116.26980302339713,1244.8327673294814,231.97741056128373,161.7385658594279
GM1525,Teylingen,2019,41.8790784937642,39299.4702141362,0.0907012795922121,0.199190730182086,3.84942206793167,2292.332709349646,188.40337343499354,117.47163149794082,1242.8024302937683,232.5531074590042,178.29819171622202
GM1525,Teylingen,2020,42.102141662736,40102.8034294498,0.0927947598253275,0.20295279683926,3.76036979464943,2172.11973616509,184.378890843223,116.5951493752,1153.27853801322,235.597997479787,191.511265620078
GM1525,Teylingen,2021,42.2824792418314,41602.8531264891,0.0824245564046108,0.191503691231706,3.79283545840923,,,,,,
GM1525,Teylingen,2022,42.4037356582694,43642.1567614352,0.0882480651835202,0.191489361702128,3.80845158516086,,,,,,
GM1783,Westland,2009,38.9786723155613,,0.0777938414028462,0.108213102017132,3.77492958896281,1950.9793155129742,133.6662283533163,78.92377854742317,1075.4733506265827,317.12690397362843,173.39757692735924
GM1783,Westland,2010,39.3156113351651,,0.0720003929080104,0.126251166445656,3.85330236096395,2025.8199493942845,134.38107192221682,71.22691570732884,1140.1362177470978,321.3565471532626,181.96540503242048
GM1783,Westland,2011,39.43068247056,28733.164889524,0.0768373308733087,0.146582872078721,3.9074056140448,2031.8485266182304,141.37875894672348,74.24473389960636,1140.723620843394,306.04592819941337,199.65497079284594
GM1783,Westland,2012,39.6471462509573,28643.0401068465,0.0835879133951939,0.164863192957411,3.83651275481787,1946.8699125516432,135.2153992903832,74.22888575949382,1141.8814685857942,263.47804444405676,170.15381430315995
GM1783,Westland,2013,39.8895196412007,28869.887862177,0.0910557447571249,0.179847359930567,3.80882332377823,2004.9112322450621,136.0911269029367,74.89715646423457,1184.8638018095644,236.92573353222684,181.19101883123273
GM1783,Westland,2014,40.0682531602394,31430.5903910223,0.0932501121243833,0.193171625056062,3.84293721973094,1971.401603271571,139.45331657585123,76.73901527096197,1181.3131195731924,231.85061390878408,155.06224720024514
GM1783,Westland,2015,40.2780934053098,30401.8192052788,0.0977071560040326,0.203340763418086,3.8865331598024,2064.717736616814,145.9467437602116,81.69020339533502,1168.129796177081,235.4879462133967,131.19864782135352
GM1783,Westland,2016,40.5355541992546,32202.6656596753,0.101572926158066,0.21306752814056,3.87789210233593,2193.093347593181,151.0968667077721,85.59655000283539,1277.9287035559848,246.0796195460686,119.0161116503587
GM1783,Westland,2017,40.6949341585725,33644.1156994329,0.10934565022096,0.228772878649014,3.90540168113546,2238.0614462296135,151.84325250415804,85.31197015015823,1306.2067380260041,246.17917934014108,120.53056958887493
GM1783,Westland,2018,40.8469565467344,33842.5762920427,0.105688507405184,0.225264534857675,3.93463237486111,2281.5282720172877,161.3035773735821,94.49099249971833,1317.9074507694688,251.02524308329427,136.2599754194217
GM1783,Westland,2019,40.9811520483333,38281.852020615,0.103488146304436,0.220383413652492,3.91005894912113,2288.469331488823,159.69286746520413,91.58107479659799,1302.2183187117744,261.61798869942106,140.2160618765734
GM1783,Westland,2020,41.2127170935622,37151.6336903479,0.0991054923296624,0.210835720731376,3.83770018596131,2209.24483469134,156.684045280364,88.6865329692167,1240.86568541604,261.337526053825,148.621143020747
GM1783,Westland,2021,41.3308037387889,38528.3418576858,0.092185899550355,0.198425374559469,3.84922738206874,,,,,,
GM1783,Westland,2022,41.4118847766759,40059.8481338826,0.0898822889024971,0.19636660542968,3.90801253653182,,,,,,
GM1842,Midden-Delfland,2009,38.2773375426276,,0.0833698030634573,0.113183807439825,3.53978408636545,1724.2816441380678,121.21685671212182,66.3891193062008,987.5812647210365,257.5518074546342,146.1240254030295
GM1842,Midden-Delfland,2010,38.7381482614888,,0.0841968911917098,0.13676597582038,3.60601080065743,1787.3597116618025,126.728972265227,63.47710342949578,1031.5784392983726,268.325693637263,145.05485148337706
GM1842,Midden-Delfland,2011,39.1195505756536,31478.4124698927,0.0650820903530422,0.130539757484709,3.66866219667944,1837.5772914651511,137.67404970542898,69.40939832447224,1080.1165388822278,261.35589076447076,143.52553763652324
GM1842,Midden-Delfland,2012,39.3924572137191,31730.1717459102,0.0697125697125697,0.147844272844273,3.59452032651742,1728.063774532289,132.87410673949972,70.26175337409506,1023.828135205565,223.1959580038932,139.91832190316197
GM1842,Midden-Delfland,2013,39.7684926411829,32251.0605221734,0.0681177159278378,0.144271193656538,3.54210356509114,1762.1242760992252,131.7977208471512,69.16861153354006,1069.5951403720012,205.1790717717774,131.75286958255202
GM1842,Midden-Delfland,2014,40.1540522334162,35417.5649777968,0.0744859420898028,0.162085606378514,3.59162261733141,1781.336930650133,141.48593839128802,76.9477478989903,1070.466434940355,205.70127921427593,119.70542522747795
GM1842,Midden-Delfland,2015,40.3231586164834,33862.7809367209,0.0805051712488956,0.168754222753495,3.60044395116537,1975.8543530459851,145.5344744032921,79.7184931722148,1126.8280826358405,210.66258276928681,97.95565974392856
GM1842,Midden-Delfland,2016,40.5920441586826,36213.7796494542,0.0756194302786792,0.16375624581466,3.60138593590046,2080.475544642136,151.31675722538714,84.29015373361774,1212.7797580726635,216.27518278314292,105.76492943275952
GM1842,Midden-Delfland,2017,40.7363923199368,37684.5963255406,0.0883306320907618,0.188057131280389,3.61915227629513,2125.753112612244,153.4527776418167,85.66507357569607,1239.2461855689116,220.70279872076915,110.54094845400743
GM1842,Midden-Delfland,2018,41.0121268586751,37750.5413009809,0.0695000253279976,0.158654576769161,3.63099543953452,2130.7772243088566,161.05796875020826,93.4118114209477,1220.9240230305988,220.50217115854244,95.41268770402301
GM1842,Midden-Delfland,2019,41.5087053059975,42772.7702918318,0.071981384996712,0.159492134149426,3.60504201680672,2147.9166935145245,159.9593718788152,91.00774603947433,1221.819959422774,237.10407354534755,101.4103330124212
GM1842,Midden-Delfland,2020,41.7631950389718,41138.207018624,0.079947509211124,0.178266794528845,3.57194885076076,2000.55592339262,159.190104372496,90.7263099761938,1121.96880782287,237.358540811674,87.8924405938085
GM1842,Midden-Delfland,2021,42.105644709727,42310.360726157,0.0744611365120836,0.167462191629403,3.58287270688136,,,,,,
GM1842,Midden-Delfland,2022,42.3778469302129,43873.9125448029,0.0663083337519466,0.154066408800924,3.69788330859955,,,,,,
GM1884,Kaag en Braassem,2009,39.5046875124965,,0.0796890556789462,0.110362257792755,3.6719701541669,1933.3639220164143,140.19463415742464,85.22766948135128,1095.1414500774076,301.3923093341005,148.10017394767004
GM1884,Kaag en Braassem,2010,39.8981724848722,,0.0667605526586229,0.124386252045827,3.75985547106725,1872.103622132333,140.15577437800542,76.79619725948514,1035.24442177113,303.30270390833954,141.39247479586967
GM1884,Kaag en Braassem,2011,40.3832557809351,29963.8154687985,0.0703259005145798,0.141223556317896,3.8316016359014,1944.8784162435804,154.66964130105092,86.25997313915221,1093.5747232115682,298.67499374746234,151.23923707299454
GM1884,Kaag en Braassem,2012,40.7908938822224,30642.9051730844,0.0636859990072926,0.140315375510672,3.7814036656236,1894.6457807122413,149.8434435297427,87.13447171355317,1108.6745444307264,255.75000595773838,138.37255309525673
GM1884,Kaag en Braassem,2013,41.1400874513644,30669.8230284648,0.0665343359926709,0.148910180555025,3.82921143896754,1999.8837528378776,149.46491367497453,86.50352505714805,1180.4997928798882,228.31804430919644,174.0386644588873
GM1884,Kaag en Braassem,2014,41.4584787882723,33094.2539369317,0.0752900144059443,0.169648949882478,3.83734837799718,2071.0817229457994,159.7493581627825,94.82240082053931,1250.360979516422,237.00427650546993,159.87685068421504
GM1884,Kaag en Braassem,2015,41.7354917945346,31733.426471714,0.0878840231352813,0.19090362803275,3.89217996185347,2053.8809529584255,163.6411500350712,96.93055723839191,1127.5477768497146,245.42022779675318,114.01763611036503
GM1884,Kaag en Braassem,2016,42.0181337931658,33391.8205744364,0.0854398570418078,0.195338967275976,3.87169790334242,2153.391278351395,173.73896190003816,105.88386118578921,1199.481817500923,246.03410047235053,126.15696109504101
GM1884,Kaag en Braassem,2017,42.258987700893,35039.963018811,0.0800428867199054,0.187740313516711,3.89575096062817,2198.8805702083446,181.53071994418812,112.37344098951581,1247.9679701239663,248.0068327645719,105.53477279183097
GM1884,Kaag en Braassem,2018,42.521924537854,35188.1516135049,0.079582875960483,0.184559092572265,3.89135449851697,2258.60530971665,182.7038031985271,112.38743836825226,1277.8504368534045,245.11838070941155,122.65169775626708
GM1884,Kaag en Braassem,2019,42.5775627976996,38134.6679056416,0.0870566227786172,0.202784372976473,3.81770324541409,2359.8167667075586,190.70138768365564,119.41466314073013,1340.2983660524026,247.60303917403527,144.64926487587505
GM1884,Kaag en Braassem,2020,42.7577994221949,38569.3596452973,0.0872987605071948,0.194721470294914,3.76560155598777,2270.93977011493,187.068747448706,119.452968811546,1219.20766283525,252.516272424534,171.733546030723
GM1884,Kaag en Braassem,2021,42.8195176737384,39807.7316327265,0.0822178385233197,0.188636043398619,3.80217725973169,,,,,,
GM1884,Kaag en Braassem,2022,42.7652491067351,41815.3055850875,0.0802816901408451,0.184953624184129,3.8127271769478,,,,,,
GM1916,Leidschendam-Voorburg,2009,42.4698589145583,,0.109504656787418,0.157235057525021,4.16504693233998,2349.0380690983266,130.8354622077052,76.11647593068952,1297.166297879728,366.2571931009649,312.0807322090021
GM1916,Leidschendam-Voorburg,2010,42.5792533015945,,0.11318784308475,0.200642656312759,4.27286190299889,2388.2377138431757,127.19745694112116,62.61953792018827,1367.8238264731388,369.61896882112495,267.77800640054585
GM1916,Leidschendam-Voorburg,2011,42.7069647108518,31767.9899498883,0.099404538383134,0.189555281369025,4.34893161188476,2403.6726852362112,137.007720565436,67.58204405164562,1338.6909690827708,367.7061471161444,286.91464414524677
GM1916,Leidschendam-Voorburg,2012,42.835872661612,31169.8503213831,0.0964236422838307,0.199600691420225,4.28533071134138,2399.3473789833592,131.3810241699135,67.48715581603568,1472.2883924193047,313.07353810755376,225.97247159622853
GM1916,Leidschendam-Voorburg,2013,42.8008019762774,31273.7136293394,0.0974876244211423,0.207603662106776,4.19646406727829,2476.493717565048,132.38939229632686,68.72995576335626,1473.3566227143265,282.9953874510956,271.634557406174
GM1916,Leidschendam-Voorburg,2014,42.8548740405839,33184.7352305673,0.102483939477885,0.217486511799702,4.20214774829763,2469.5439869758325,141.37558341298862,75.72614391194806,1464.8304328153495,276.46836158754303,251.8330902962027
GM1916,Leidschendam-Voorburg,2015,42.9786546198887,32662.76273816,0.101940345533792,0.218728666701675,4.23511717783235,2625.6153510420027,144.7057849920228,77.46670329251916,1466.0092123805712,294.85699134825705,221.10274967209952
GM1916,Leidschendam-Voorburg,2016,43.0884559760015,33920.0008015542,0.104075653334031,0.227849425798519,4.25995703503736,2768.0637488742877,155.17038516256235,86.7081204784067,1524.2829400868193,298.5925665345883,246.73545527390354
GM1916,Leidschendam-Voorburg,2017,43.1512413175219,35121.8135739877,0.103516972877251,0.231864998242165,4.27729407721388,2718.3600917922936,158.7649229297169,89.49684354991236,1477.1020314885066,299.38472485342663,222.09042986956257
GM1916,Leidschendam-Voorburg,2018,43.2024579657496,35001.6025637577,0.0999676228712038,0.225357767273198,4.30785586817025,2801.7108326055754,168.60265229861736,99.53714769091162,1504.381819616644,299.76917792098294,256.9216369908519
GM1916,Leidschendam-Voorburg,2019,43.217773208248,37572.9933882981,0.107430320811276,0.239288219911984,4.22516531338897,2827.5765544239785,179.97030471059168,109.22891068416247,1509.866166188423,307.2604157843507,267.01792853107605
GM1916,Leidschendam-Voorburg,2020,43.3191496325093,37991.5630988518,0.103891626873675,0.223015244758816,4.13256721510796,2629.10347021461,178.075740256687,108.375151214159,1387.28381616436,299.528802310687,244.155130825731
GM1916,Leidschendam-Voorburg,2021,43.3638120629466,39855.3765858676,0.101876607338375,0.224900058564408,4.14620291203784,,,,,,
GM1916,Leidschendam-Voorburg,2022,43.3066112203528,41697.3287613808,0.107091263111614,0.22807612587149,4.17791949896891,,,,,,
GM1926,Pijnacker-Nootdorp,2009,35.366308198462,,0.104434761361785,0.136769017755335,3.51217122840349,1695.1631938117475,116.45500172683903,62.48001649656486,944.6636455369479,263.51399323499186,155.24557022357018
GM1926,Pijnacker-Nootdorp,2010,35.7417498095869,,0.0896082245068074,0.152423292184337,3.57925822982715,1785.9750914173803,119.17570220596404,57.91076332797686,1016.4088413949194,268.72058080079205,161.3042793802957
GM1926,Pijnacker-Nootdorp,2011,36.1283309845995,30342.5718036598,0.0759461469218426,0.146119525654573,3.63636889776312,1825.5267567680792,133.4332828611251,67.3524756764887,1037.1543276620994,258.9227974904967,170.83191113434904
GM1926,Pijnacker-Nootdorp,2012,36.5110621257029,30281.5432170118,0.0657260572139304,0.140974813432836,3.56806359226138,1776.4192195544747,127.20591240889837,66.55168030794995,1032.9851099385778,227.8840282740621,167.0926718403991
GM1926,Pijnacker-Nootdorp,2013,36.8753299907235,31073.2283469219,0.06925,0.155057692307692,3.58056347866581,1850.8478390287894,126.10829754464484,65.08663227931348,1094.1235948863991,213.1233399523366,177.79332184640066
GM1926,Pijnacker-Nootdorp,2014,37.3513556829242,32662.8794776778,0.0668276047055217,0.155132773882055,3.61854981560531,1932.5545453743048,135.5147559125793,72.40344630178456,1144.6529914453931,214.5979441521598,167.47550702022252
GM1926,Pijnacker-Nootdorp,2015,37.7390708049982,32958.6876297259,0.0772027495313299,0.179003578935409,3.66347177848775,1900.6731528811338,140.92987560738572,76.08709758292389,1065.1225402266361,215.20013204678784,123.55996052314009
GM1926,Pijnacker-Nootdorp,2016,38.0729307182656,34341.9943817004,0.0887029132728188,0.189838027250191,3.65504535147392,2047.7002159806,145.4343050316261,79.5558663667223,1187.5569614994636,223.9524336990904,104.39492830161662
GM1926,Pijnacker-Nootdorp,2017,38.2210780382591,35710.8309199558,0.0911535506530567,0.196319467310577,3.68753545898105,2118.6084165032757,148.101821066954,81.42050660677307,1211.1239468886636,227.0308990070879,133.90068988816245
GM1926,Pijnacker-Nootdorp,2018,38.4673945822434,35934.8514913774,0.0799153263013153,0.176240704890449,3.7051860516934,2204.886269043278,156.25110782588777,89.27316068087389,1282.3545326927167,225.59443704715696,135.28912678648072
GM1926,Pijnacker-Nootdorp,2019,38.6583510658911,38734.7654523276,0.0790431709612687,0.176430892720783,3.67749215610723,2150.361537285605,156.3617003770237,88.38596703511337,1224.0523966760768,228.12483094788223,139.00829254634908
GM1926,Pijnacker-Nootdorp,2020,39.0004085702239,39331.3976947836,0.084872471416007,0.185857519788918,3.61679218808167,2089.35333960258,155.23053176011,87.6998520227093,1171.65231742371,234.160410397444,130.172768275373
GM1926,Pijnacker-Nootdorp,2021,39.2191227569286,41716.7262156261,0.0856840681727552,0.186140055828146,3.64589037268816,,,,,,
GM1926,Pijnacker-Nootdorp,2022,39.3810571674214,43451.4264770279,0.0775367865952199,0.174704431402569,3.66038447041086,,,,,,
